group,row,column,value
All Donor Types,All Center States,To Date,1098140
All Donor Types,All Center States,2026,33208
All Donor Types,All Center States,2025,49065
All Donor Types,All Center States,2024,48150
All Donor Types,All Center States,2023,46634
All Donor Types,All Center States,2022,42889
All Donor Types,All Center States,2021,41356
All Donor Types,All Center States,2020,39036
All Donor Types,All Center States,2019,39719
All Donor Types,All Center States,2018,36530
All Donor Types,All Center States,2017,34770
All Donor Types,All Center States,2016,33610
All Donor Types,All Center States,2015,30974
All Donor Types,All Center States,2014,29540
All Donor Types,All Center States,2013,28956
All Donor Types,All Center States,2012,28059
All Donor Types,All Center States,2011,28553
All Donor Types,All Center States,2010,28668
All Donor Types,All Center States,2009,28463
All Donor Types,All Center States,2008,27967
All Donor Types,All Center States,2007,28366
All Donor Types,All Center States,2006,28941
All Donor Types,All Center States,2005,28119
All Donor Types,All Center States,2004,27042
All Donor Types,All Center States,2003,25475
All Donor Types,All Center States,2002,24916
All Donor Types,All Center States,2001,24243
All Donor Types,All Center States,2000,23274
All Donor Types,All Center States,1999,22030
All Donor Types,All Center States,1998,21526
All Donor Types,All Center States,1997,20316
All Donor Types,All Center States,1996,19765
All Donor Types,All Center States,1995,19396
All Donor Types,All Center States,1994,18299
All Donor Types,All Center States,1993,17631
All Donor Types,All Center States,1992,16134
All Donor Types,All Center States,1991,15756
All Donor Types,All Center States,1990,15001
All Donor Types,All Center States,1989,13140
All Donor Types,All Center States,1988,12623
All Donor Types,Alabama,To Date,16738
All Donor Types,Alabama,2026,402
All Donor Types,Alabama,2025,479
All Donor Types,Alabama,2024,476
All Donor Types,Alabama,2023,440
All Donor Types,Alabama,2022,454
All Donor Types,Alabama,2021,467
All Donor Types,Alabama,2020,502
All Donor Types,Alabama,2019,480
All Donor Types,Alabama,2018,467
All Donor Types,Alabama,2017,501
All Donor Types,Alabama,2016,413
All Donor Types,Alabama,2015,395
All Donor Types,Alabama,2014,401
All Donor Types,Alabama,2013,413
All Donor Types,Alabama,2012,372
All Donor Types,Alabama,2011,422
All Donor Types,Alabama,2010,433
All Donor Types,Alabama,2009,411
All Donor Types,Alabama,2008,428
All Donor Types,Alabama,2007,476
All Donor Types,Alabama,2006,493
All Donor Types,Alabama,2005,493
All Donor Types,Alabama,2004,403
All Donor Types,Alabama,2003,492
All Donor Types,Alabama,2002,454
All Donor Types,Alabama,2001,464
All Donor Types,Alabama,2000,527
All Donor Types,Alabama,1999,455
All Donor Types,Alabama,1998,468
All Donor Types,Alabama,1997,445
All Donor Types,Alabama,1996,450
All Donor Types,Alabama,1995,453
All Donor Types,Alabama,1994,410
All Donor Types,Alabama,1993,416
All Donor Types,Alabama,1992,316
All Donor Types,Alabama,1991,312
All Donor Types,Alabama,1990,334
All Donor Types,Alabama,1989,278
All Donor Types,Alabama,1988,243
All Donor Types,Arizona,To Date,24777
All Donor Types,Arizona,2026,907
All Donor Types,Arizona,2025,1345
All Donor Types,Arizona,2024,1388
All Donor Types,Arizona,2023,1377
All Donor Types,Arizona,2022,1285
All Donor Types,Arizona,2021,1214
All Donor Types,Arizona,2020,1183
All Donor Types,Arizona,2019,1299
All Donor Types,Arizona,2018,1184
All Donor Types,Arizona,2017,1100
All Donor Types,Arizona,2016,1089
All Donor Types,Arizona,2015,838
All Donor Types,Arizona,2014,711
All Donor Types,Arizona,2013,754
All Donor Types,Arizona,2012,652
All Donor Types,Arizona,2011,735
All Donor Types,Arizona,2010,618
All Donor Types,Arizona,2009,590
All Donor Types,Arizona,2008,601
All Donor Types,Arizona,2007,607
All Donor Types,Arizona,2006,511
All Donor Types,Arizona,2005,498
All Donor Types,Arizona,2004,421
All Donor Types,Arizona,2003,354
All Donor Types,Arizona,2002,376
All Donor Types,Arizona,2001,341
All Donor Types,Arizona,2000,289
All Donor Types,Arizona,1999,273
All Donor Types,Arizona,1998,259
All Donor Types,Arizona,1997,212
All Donor Types,Arizona,1996,206
All Donor Types,Arizona,1995,205
All Donor Types,Arizona,1994,233
All Donor Types,Arizona,1993,225
All Donor Types,Arizona,1992,153
All Donor Types,Arizona,1991,168
All Donor Types,Arizona,1990,181
All Donor Types,Arizona,1989,204
All Donor Types,Arizona,1988,191
All Donor Types,Arkansas,To Date,5810
All Donor Types,Arkansas,2026,157
All Donor Types,Arkansas,2025,233
All Donor Types,Arkansas,2024,224
All Donor Types,Arkansas,2023,256
All Donor Types,Arkansas,2022,224
All Donor Types,Arkansas,2021,250
All Donor Types,Arkansas,2020,198
All Donor Types,Arkansas,2019,233
All Donor Types,Arkansas,2018,172
All Donor Types,Arkansas,2017,127
All Donor Types,Arkansas,2016,161
All Donor Types,Arkansas,2015,127
All Donor Types,Arkansas,2014,123
All Donor Types,Arkansas,2013,156
All Donor Types,Arkansas,2012,161
All Donor Types,Arkansas,2011,155
All Donor Types,Arkansas,2010,159
All Donor Types,Arkansas,2009,173
All Donor Types,Arkansas,2008,158
All Donor Types,Arkansas,2007,171
All Donor Types,Arkansas,2006,183
All Donor Types,Arkansas,2005,185
All Donor Types,Arkansas,2004,154
All Donor Types,Arkansas,2003,119
All Donor Types,Arkansas,2002,122
All Donor Types,Arkansas,2001,103
All Donor Types,Arkansas,2000,110
All Donor Types,Arkansas,1999,116
All Donor Types,Arkansas,1998,108
All Donor Types,Arkansas,1997,136
All Donor Types,Arkansas,1996,112
All Donor Types,Arkansas,1995,127
All Donor Types,Arkansas,1994,121
All Donor Types,Arkansas,1993,133
All Donor Types,Arkansas,1992,109
All Donor Types,Arkansas,1991,84
All Donor Types,Arkansas,1990,71
All Donor Types,Arkansas,1989,63
All Donor Types,Arkansas,1988,36
All Donor Types,California,To Date,127811
All Donor Types,California,2026,3489
All Donor Types,California,2025,5179
All Donor Types,California,2024,5261
All Donor Types,California,2023,5290
All Donor Types,California,2022,4866
All Donor Types,California,2021,4693
All Donor Types,California,2020,4531
All Donor Types,California,2019,4412
All Donor Types,California,2018,4165
All Donor Types,California,2017,3860
All Donor Types,California,2016,3867
All Donor Types,California,2015,3703
All Donor Types,California,2014,3454
All Donor Types,California,2013,3491
All Donor Types,California,2012,3357
All Donor Types,California,2011,3311
All Donor Types,California,2010,3223
All Donor Types,California,2009,3058
All Donor Types,California,2008,3261
All Donor Types,California,2007,3297
All Donor Types,California,2006,3311
All Donor Types,California,2005,3245
All Donor Types,California,2004,3296
All Donor Types,California,2003,3138
All Donor Types,California,2002,3007
All Donor Types,California,2001,2789
All Donor Types,California,2000,2640
All Donor Types,California,1999,2462
All Donor Types,California,1998,2571
All Donor Types,California,1997,2517
All Donor Types,California,1996,2465
All Donor Types,California,1995,2412
All Donor Types,California,1994,2298
All Donor Types,California,1993,2314
All Donor Types,California,1992,2147
All Donor Types,California,1991,2133
All Donor Types,California,1990,1969
All Donor Types,California,1989,1757
All Donor Types,California,1988,1572
All Donor Types,Colorado,To Date,16782
All Donor Types,Colorado,2026,546
All Donor Types,Colorado,2025,800
All Donor Types,Colorado,2024,790
All Donor Types,Colorado,2023,783
All Donor Types,Colorado,2022,778
All Donor Types,Colorado,2021,605
All Donor Types,Colorado,2020,564
All Donor Types,Colorado,2019,643
All Donor Types,Colorado,2018,617
All Donor Types,Colorado,2017,580
All Donor Types,Colorado,2016,461
All Donor Types,Colorado,2015,443
All Donor Types,Colorado,2014,421
All Donor Types,Colorado,2013,474
All Donor Types,Colorado,2012,431
All Donor Types,Colorado,2011,484
All Donor Types,Colorado,2010,478
All Donor Types,Colorado,2009,433
All Donor Types,Colorado,2008,399
All Donor Types,Colorado,2007,399
All Donor Types,Colorado,2006,405
All Donor Types,Colorado,2005,436
All Donor Types,Colorado,2004,382
All Donor Types,Colorado,2003,364
All Donor Types,Colorado,2002,361
All Donor Types,Colorado,2001,362
All Donor Types,Colorado,2000,353
All Donor Types,Colorado,1999,316
All Donor Types,Colorado,1998,320
All Donor Types,Colorado,1997,296
All Donor Types,Colorado,1996,277
All Donor Types,Colorado,1995,304
All Donor Types,Colorado,1994,250
All Donor Types,Colorado,1993,303
All Donor Types,Colorado,1992,205
All Donor Types,Colorado,1991,179
All Donor Types,Colorado,1990,209
All Donor Types,Colorado,1989,176
All Donor Types,Colorado,1988,155
All Donor Types,Connecticut,To Date,9079
All Donor Types,Connecticut,2026,231
All Donor Types,Connecticut,2025,343
All Donor Types,Connecticut,2024,322
All Donor Types,Connecticut,2023,395
All Donor Types,Connecticut,2022,386
All Donor Types,Connecticut,2021,367
All Donor Types,Connecticut,2020,363
All Donor Types,Connecticut,2019,366
All Donor Types,Connecticut,2018,370
All Donor Types,Connecticut,2017,285
All Donor Types,Connecticut,2016,286
All Donor Types,Connecticut,2015,234
All Donor Types,Connecticut,2014,238
All Donor Types,Connecticut,2013,223
All Donor Types,Connecticut,2012,237
All Donor Types,Connecticut,2011,237
All Donor Types,Connecticut,2010,278
All Donor Types,Connecticut,2009,228
All Donor Types,Connecticut,2008,240
All Donor Types,Connecticut,2007,179
All Donor Types,Connecticut,2006,178
All Donor Types,Connecticut,2005,179
All Donor Types,Connecticut,2004,176
All Donor Types,Connecticut,2003,172
All Donor Types,Connecticut,2002,212
All Donor Types,Connecticut,2001,214
All Donor Types,Connecticut,2000,197
All Donor Types,Connecticut,1999,197
All Donor Types,Connecticut,1998,190
All Donor Types,Connecticut,1997,188
All Donor Types,Connecticut,1996,185
All Donor Types,Connecticut,1995,177
All Donor Types,Connecticut,1994,144
All Donor Types,Connecticut,1993,159
All Donor Types,Connecticut,1992,131
All Donor Types,Connecticut,1991,144
All Donor Types,Connecticut,1990,143
All Donor Types,Connecticut,1989,147
All Donor Types,Connecticut,1988,138
All Donor Types,Delaware,To Date,976
All Donor Types,Delaware,2026,40
All Donor Types,Delaware,2025,61
All Donor Types,Delaware,2024,56
All Donor Types,Delaware,2023,54
All Donor Types,Delaware,2022,40
All Donor Types,Delaware,2021,44
All Donor Types,Delaware,2020,31
All Donor Types,Delaware,2019,40
All Donor Types,Delaware,2018,39
All Donor Types,Delaware,2017,43
All Donor Types,Delaware,2016,39
All Donor Types,Delaware,2015,37
All Donor Types,Delaware,2014,43
All Donor Types,Delaware,2013,60
All Donor Types,Delaware,2012,48
All Donor Types,Delaware,2011,48
All Donor Types,Delaware,2010,39
All Donor Types,Delaware,2009,25
All Donor Types,Delaware,2008,29
All Donor Types,Delaware,2007,30
All Donor Types,Delaware,2006,14
All Donor Types,Delaware,2005,15
All Donor Types,Delaware,2004,19
All Donor Types,Delaware,2003,15
All Donor Types,Delaware,2002,24
All Donor Types,Delaware,2001,18
All Donor Types,Delaware,2000,11
All Donor Types,Delaware,1999,1
All Donor Types,Delaware,1998,1
All Donor Types,Delaware,1997,4
All Donor Types,Delaware,1996,2
All Donor Types,Delaware,1995,4
All Donor Types,Delaware,1994,1
All Donor Types,Delaware,1993,1
All Donor Types,Delaware,1992,0
All Donor Types,Delaware,1991,0
All Donor Types,Delaware,1990,0
All Donor Types,Delaware,1989,0
All Donor Types,Delaware,1988,0
All Donor Types,District of Columbia,To Date,14171
All Donor Types,District of Columbia,2026,510
All Donor Types,District of Columbia,2025,741
All Donor Types,District of Columbia,2024,743
All Donor Types,District of Columbia,2023,607
All Donor Types,District of Columbia,2022,550
All Donor Types,District of Columbia,2021,565
All Donor Types,District of Columbia,2020,619
All Donor Types,District of Columbia,2019,599
All Donor Types,District of Columbia,2018,525
All Donor Types,District of Columbia,2017,516
All Donor Types,District of Columbia,2016,527
All Donor Types,District of Columbia,2015,409
All Donor Types,District of Columbia,2014,349
All Donor Types,District of Columbia,2013,331
All Donor Types,District of Columbia,2012,321
All Donor Types,District of Columbia,2011,325
All Donor Types,District of Columbia,2010,335
All Donor Types,District of Columbia,2009,389
All Donor Types,District of Columbia,2008,319
All Donor Types,District of Columbia,2007,278
All Donor Types,District of Columbia,2006,348
All Donor Types,District of Columbia,2005,318
All Donor Types,District of Columbia,2004,277
All Donor Types,District of Columbia,2003,262
All Donor Types,District of Columbia,2002,252
All Donor Types,District of Columbia,2001,238
All Donor Types,District of Columbia,2000,226
All Donor Types,District of Columbia,1999,252
All Donor Types,District of Columbia,1998,260
All Donor Types,District of Columbia,1997,175
All Donor Types,District of Columbia,1996,203
All Donor Types,District of Columbia,1995,208
All Donor Types,District of Columbia,1994,215
All Donor Types,District of Columbia,1993,210
All Donor Types,District of Columbia,1992,255
All Donor Types,District of Columbia,1991,256
All Donor Types,District of Columbia,1990,214
All Donor Types,District of Columbia,1989,211
All Donor Types,District of Columbia,1988,233
All Donor Types,Florida,To Date,68786
All Donor Types,Florida,2026,2326
All Donor Types,Florida,2025,3443
All Donor Types,Florida,2024,3250
All Donor Types,Florida,2023,3302
All Donor Types,Florida,2022,3064
All Donor Types,Florida,2021,2795
All Donor Types,Florida,2020,2875
All Donor Types,Florida,2019,2748
All Donor Types,Florida,2018,2471
All Donor Types,Florida,2017,2184
All Donor Types,Florida,2016,2157
All Donor Types,Florida,2015,2047
All Donor Types,Florida,2014,1803
All Donor Types,Florida,2013,1721
All Donor Types,Florida,2012,1750
All Donor Types,Florida,2011,1900
All Donor Types,Florida,2010,1900
All Donor Types,Florida,2009,1803
All Donor Types,Florida,2008,1921
All Donor Types,Florida,2007,1891
All Donor Types,Florida,2006,1789
All Donor Types,Florida,2005,1856
All Donor Types,Florida,2004,1744
All Donor Types,Florida,2003,1559
All Donor Types,Florida,2002,1497
All Donor Types,Florida,2001,1653
All Donor Types,Florida,2000,1370
All Donor Types,Florida,1999,1343
All Donor Types,Florida,1998,1239
All Donor Types,Florida,1997,1188
All Donor Types,Florida,1996,1018
All Donor Types,Florida,1995,1023
All Donor Types,Florida,1994,760
All Donor Types,Florida,1993,634
All Donor Types,Florida,1992,631
All Donor Types,Florida,1991,602
All Donor Types,Florida,1990,566
All Donor Types,Florida,1989,506
All Donor Types,Florida,1988,457
All Donor Types,Georgia,To Date,28381
All Donor Types,Georgia,2026,1279
All Donor Types,Georgia,2025,1676
All Donor Types,Georgia,2024,1460
All Donor Types,Georgia,2023,1268
All Donor Types,Georgia,2022,1223
All Donor Types,Georgia,2021,1243
All Donor Types,Georgia,2020,1049
All Donor Types,Georgia,2019,1077
All Donor Types,Georgia,2018,983
All Donor Types,Georgia,2017,839
All Donor Types,Georgia,2016,922
All Donor Types,Georgia,2015,888
All Donor Types,Georgia,2014,818
All Donor Types,Georgia,2013,829
All Donor Types,Georgia,2012,803
All Donor Types,Georgia,2011,764
All Donor Types,Georgia,2010,782
All Donor Types,Georgia,2009,699
All Donor Types,Georgia,2008,622
All Donor Types,Georgia,2007,649
All Donor Types,Georgia,2006,624
All Donor Types,Georgia,2005,561
All Donor Types,Georgia,2004,595
All Donor Types,Georgia,2003,496
All Donor Types,Georgia,2002,496
All Donor Types,Georgia,2001,531
All Donor Types,Georgia,2000,480
All Donor Types,Georgia,1999,433
All Donor Types,Georgia,1998,458
All Donor Types,Georgia,1997,438
All Donor Types,Georgia,1996,371
All Donor Types,Georgia,1995,433
All Donor Types,Georgia,1994,430
All Donor Types,Georgia,1993,423
All Donor Types,Georgia,1992,362
All Donor Types,Georgia,1991,321
All Donor Types,Georgia,1990,363
All Donor Types,Georgia,1989,315
All Donor Types,Georgia,1988,378
All Donor Types,Hawaii,To Date,2181
All Donor Types,Hawaii,2026,42
All Donor Types,Hawaii,2025,116
All Donor Types,Hawaii,2024,94
All Donor Types,Hawaii,2023,60
All Donor Types,Hawaii,2022,81
All Donor Types,Hawaii,2021,64
All Donor Types,Hawaii,2020,60
All Donor Types,Hawaii,2019,56
All Donor Types,Hawaii,2018,66
All Donor Types,Hawaii,2017,63
All Donor Types,Hawaii,2016,67
All Donor Types,Hawaii,2015,64
All Donor Types,Hawaii,2014,75
All Donor Types,Hawaii,2013,56
All Donor Types,Hawaii,2012,27
All Donor Types,Hawaii,2011,57
All Donor Types,Hawaii,2010,63
All Donor Types,Hawaii,2009,64
All Donor Types,Hawaii,2008,70
All Donor Types,Hawaii,2007,58
All Donor Types,Hawaii,2006,67
All Donor Types,Hawaii,2005,86
All Donor Types,Hawaii,2004,59
All Donor Types,Hawaii,2003,65
All Donor Types,Hawaii,2002,75
All Donor Types,Hawaii,2001,58
All Donor Types,Hawaii,2000,53
All Donor Types,Hawaii,1999,60
All Donor Types,Hawaii,1998,46
All Donor Types,Hawaii,1997,41
All Donor Types,Hawaii,1996,36
All Donor Types,Hawaii,1995,18
All Donor Types,Hawaii,1994,34
All Donor Types,Hawaii,1993,26
All Donor Types,Hawaii,1992,43
All Donor Types,Hawaii,1991,30
All Donor Types,Hawaii,1990,28
All Donor Types,Hawaii,1989,36
All Donor Types,Hawaii,1988,17
All Donor Types,Illinois,To Date,46459
All Donor Types,Illinois,2026,1485
All Donor Types,Illinois,2025,2242
All Donor Types,Illinois,2024,2365
All Donor Types,Illinois,2023,2258
All Donor Types,Illinois,2022,2020
All Donor Types,Illinois,2021,1964
All Donor Types,Illinois,2020,1493
All Donor Types,Illinois,2019,1565
All Donor Types,Illinois,2018,1424
All Donor Types,Illinois,2017,1273
All Donor Types,Illinois,2016,1208
All Donor Types,Illinois,2015,979
All Donor Types,Illinois,2014,1094
All Donor Types,Illinois,2013,1128
All Donor Types,Illinois,2012,1060
All Donor Types,Illinois,2011,1194
All Donor Types,Illinois,2010,1167
All Donor Types,Illinois,2009,1227
All Donor Types,Illinois,2008,1208
All Donor Types,Illinois,2007,1137
All Donor Types,Illinois,2006,1331
All Donor Types,Illinois,2005,1296
All Donor Types,Illinois,2004,1251
All Donor Types,Illinois,2003,1199
All Donor Types,Illinois,2002,1092
All Donor Types,Illinois,2001,940
All Donor Types,Illinois,2000,984
All Donor Types,Illinois,1999,940
All Donor Types,Illinois,1998,895
All Donor Types,Illinois,1997,892
All Donor Types,Illinois,1996,941
All Donor Types,Illinois,1995,935
All Donor Types,Illinois,1994,807
All Donor Types,Illinois,1993,663
All Donor Types,Illinois,1992,588
All Donor Types,Illinois,1991,587
All Donor Types,Illinois,1990,567
All Donor Types,Illinois,1989,511
All Donor Types,Illinois,1988,549
All Donor Types,Indiana,To Date,18383
All Donor Types,Indiana,2026,382
All Donor Types,Indiana,2025,584
All Donor Types,Indiana,2024,657
All Donor Types,Indiana,2023,617
All Donor Types,Indiana,2022,581
All Donor Types,Indiana,2021,646
All Donor Types,Indiana,2020,638
All Donor Types,Indiana,2019,616
All Donor Types,Indiana,2018,591
All Donor Types,Indiana,2017,586
All Donor Types,Indiana,2016,616
All Donor Types,Indiana,2015,582
All Donor Types,Indiana,2014,609
All Donor Types,Indiana,2013,566
All Donor Types,Indiana,2012,612
All Donor Types,Indiana,2011,566
All Donor Types,Indiana,2010,588
All Donor Types,Indiana,2009,565
All Donor Types,Indiana,2008,530
All Donor Types,Indiana,2007,562
All Donor Types,Indiana,2006,524
All Donor Types,Indiana,2005,621
All Donor Types,Indiana,2004,554
All Donor Types,Indiana,2003,527
All Donor Types,Indiana,2002,444
All Donor Types,Indiana,2001,348
All Donor Types,Indiana,2000,303
All Donor Types,Indiana,1999,262
All Donor Types,Indiana,1998,306
All Donor Types,Indiana,1997,272
All Donor Types,Indiana,1996,291
All Donor Types,Indiana,1995,277
All Donor Types,Indiana,1994,315
All Donor Types,Indiana,1993,306
All Donor Types,Indiana,1992,291
All Donor Types,Indiana,1991,277
All Donor Types,Indiana,1990,279
All Donor Types,Indiana,1989,250
All Donor Types,Indiana,1988,242
All Donor Types,Iowa,To Date,7895
All Donor Types,Iowa,2026,104
All Donor Types,Iowa,2025,183
All Donor Types,Iowa,2024,219
All Donor Types,Iowa,2023,250
All Donor Types,Iowa,2022,247
All Donor Types,Iowa,2021,280
All Donor Types,Iowa,2020,321
All Donor Types,Iowa,2019,292
All Donor Types,Iowa,2018,283
All Donor Types,Iowa,2017,258
All Donor Types,Iowa,2016,239
All Donor Types,Iowa,2015,229
All Donor Types,Iowa,2014,257
All Donor Types,Iowa,2013,263
All Donor Types,Iowa,2012,212
All Donor Types,Iowa,2011,242
All Donor Types,Iowa,2010,249
All Donor Types,Iowa,2009,213
All Donor Types,Iowa,2008,174
All Donor Types,Iowa,2007,156
All Donor Types,Iowa,2006,157
All Donor Types,Iowa,2005,169
All Donor Types,Iowa,2004,148
All Donor Types,Iowa,2003,195
All Donor Types,Iowa,2002,211
All Donor Types,Iowa,2001,196
All Donor Types,Iowa,2000,208
All Donor Types,Iowa,1999,196
All Donor Types,Iowa,1998,188
All Donor Types,Iowa,1997,178
All Donor Types,Iowa,1996,178
All Donor Types,Iowa,1995,143
All Donor Types,Iowa,1994,229
All Donor Types,Iowa,1993,195
All Donor Types,Iowa,1992,137
All Donor Types,Iowa,1991,140
All Donor Types,Iowa,1990,125
All Donor Types,Iowa,1989,106
All Donor Types,Iowa,1988,125
All Donor Types,Kansas,To Date,7200
All Donor Types,Kansas,2026,184
All Donor Types,Kansas,2025,278
All Donor Types,Kansas,2024,309
All Donor Types,Kansas,2023,255
All Donor Types,Kansas,2022,284
All Donor Types,Kansas,2021,288
All Donor Types,Kansas,2020,299
All Donor Types,Kansas,2019,273
All Donor Types,Kansas,2018,238
All Donor Types,Kansas,2017,225
All Donor Types,Kansas,2016,236
All Donor Types,Kansas,2015,223
All Donor Types,Kansas,2014,238
All Donor Types,Kansas,2013,233
All Donor Types,Kansas,2012,201
All Donor Types,Kansas,2011,235
All Donor Types,Kansas,2010,212
All Donor Types,Kansas,2009,243
All Donor Types,Kansas,2008,233
All Donor Types,Kansas,2007,191
All Donor Types,Kansas,2006,168
All Donor Types,Kansas,2005,155
All Donor Types,Kansas,2004,137
All Donor Types,Kansas,2003,136
All Donor Types,Kansas,2002,144
All Donor Types,Kansas,2001,139
All Donor Types,Kansas,2000,146
All Donor Types,Kansas,1999,149
All Donor Types,Kansas,1998,125
All Donor Types,Kansas,1997,114
All Donor Types,Kansas,1996,107
All Donor Types,Kansas,1995,124
All Donor Types,Kansas,1994,105
All Donor Types,Kansas,1993,105
All Donor Types,Kansas,1992,99
All Donor Types,Kansas,1991,117
All Donor Types,Kansas,1990,94
All Donor Types,Kansas,1989,73
All Donor Types,Kansas,1988,85
All Donor Types,Kentucky,To Date,11132
All Donor Types,Kentucky,2026,264
All Donor Types,Kentucky,2025,388
All Donor Types,Kentucky,2024,374
All Donor Types,Kentucky,2023,396
All Donor Types,Kentucky,2022,353
All Donor Types,Kentucky,2021,333
All Donor Types,Kentucky,2020,345
All Donor Types,Kentucky,2019,328
All Donor Types,Kentucky,2018,381
All Donor Types,Kentucky,2017,378
All Donor Types,Kentucky,2016,333
All Donor Types,Kentucky,2015,302
All Donor Types,Kentucky,2014,298
All Donor Types,Kentucky,2013,326
All Donor Types,Kentucky,2012,305
All Donor Types,Kentucky,2011,281
All Donor Types,Kentucky,2010,311
All Donor Types,Kentucky,2009,283
All Donor Types,Kentucky,2008,283
All Donor Types,Kentucky,2007,285
All Donor Types,Kentucky,2006,286
All Donor Types,Kentucky,2005,319
All Donor Types,Kentucky,2004,274
All Donor Types,Kentucky,2003,277
All Donor Types,Kentucky,2002,296
All Donor Types,Kentucky,2001,257
All Donor Types,Kentucky,2000,265
All Donor Types,Kentucky,1999,256
All Donor Types,Kentucky,1998,272
All Donor Types,Kentucky,1997,257
All Donor Types,Kentucky,1996,268
All Donor Types,Kentucky,1995,271
All Donor Types,Kentucky,1994,251
All Donor Types,Kentucky,1993,243
All Donor Types,Kentucky,1992,184
All Donor Types,Kentucky,1991,219
All Donor Types,Kentucky,1990,151
All Donor Types,Kentucky,1989,122
All Donor Types,Kentucky,1988,117
All Donor Types,Louisiana,To Date,18323
All Donor Types,Louisiana,2026,467
All Donor Types,Louisiana,2025,694
All Donor Types,Louisiana,2024,618
All Donor Types,Louisiana,2023,585
All Donor Types,Louisiana,2022,603
All Donor Types,Louisiana,2021,608
All Donor Types,Louisiana,2020,600
All Donor Types,Louisiana,2019,703
All Donor Types,Louisiana,2018,586
All Donor Types,Louisiana,2017,622
All Donor Types,Louisiana,2016,578
All Donor Types,Louisiana,2015,607
All Donor Types,Louisiana,2014,574
All Donor Types,Louisiana,2013,523
All Donor Types,Louisiana,2012,527
All Donor Types,Louisiana,2011,480
All Donor Types,Louisiana,2010,520
All Donor Types,Louisiana,2009,499
All Donor Types,Louisiana,2008,449
All Donor Types,Louisiana,2007,492
All Donor Types,Louisiana,2006,416
All Donor Types,Louisiana,2005,475
All Donor Types,Louisiana,2004,565
All Donor Types,Louisiana,2003,539
All Donor Types,Louisiana,2002,476
All Donor Types,Louisiana,2001,467
All Donor Types,Louisiana,2000,428
All Donor Types,Louisiana,1999,381
All Donor Types,Louisiana,1998,347
All Donor Types,Louisiana,1997,334
All Donor Types,Louisiana,1996,343
All Donor Types,Louisiana,1995,377
All Donor Types,Louisiana,1994,384
All Donor Types,Louisiana,1993,299
All Donor Types,Louisiana,1992,304
All Donor Types,Louisiana,1991,292
All Donor Types,Louisiana,1990,230
All Donor Types,Louisiana,1989,160
All Donor Types,Louisiana,1988,171
All Donor Types,Maine,To Date,1817
All Donor Types,Maine,2026,30
All Donor Types,Maine,2025,34
All Donor Types,Maine,2024,31
All Donor Types,Maine,2023,41
All Donor Types,Maine,2022,45
All Donor Types,Maine,2021,51
All Donor Types,Maine,2020,45
All Donor Types,Maine,2019,41
All Donor Types,Maine,2018,42
All Donor Types,Maine,2017,52
All Donor Types,Maine,2016,36
All Donor Types,Maine,2015,44
All Donor Types,Maine,2014,55
All Donor Types,Maine,2013,38
All Donor Types,Maine,2012,45
All Donor Types,Maine,2011,46
All Donor Types,Maine,2010,42
All Donor Types,Maine,2009,61
All Donor Types,Maine,2008,46
All Donor Types,Maine,2007,60
All Donor Types,Maine,2006,76
All Donor Types,Maine,2005,53
All Donor Types,Maine,2004,66
All Donor Types,Maine,2003,67
All Donor Types,Maine,2002,62
All Donor Types,Maine,2001,83
All Donor Types,Maine,2000,57
All Donor Types,Maine,1999,53
All Donor Types,Maine,1998,50
All Donor Types,Maine,1997,32
All Donor Types,Maine,1996,31
All Donor Types,Maine,1995,33
All Donor Types,Maine,1994,47
All Donor Types,Maine,1993,31
All Donor Types,Maine,1992,31
All Donor Types,Maine,1991,44
All Donor Types,Maine,1990,40
All Donor Types,Maine,1989,41
All Donor Types,Maine,1988,35
All Donor Types,Maryland,To Date,23542
All Donor Types,Maryland,2026,481
All Donor Types,Maryland,2025,712
All Donor Types,Maryland,2024,728
All Donor Types,Maryland,2023,724
All Donor Types,Maryland,2022,738
All Donor Types,Maryland,2021,772
All Donor Types,Maryland,2020,693
All Donor Types,Maryland,2019,771
All Donor Types,Maryland,2018,830
All Donor Types,Maryland,2017,845
All Donor Types,Maryland,2016,855
All Donor Types,Maryland,2015,894
All Donor Types,Maryland,2014,805
All Donor Types,Maryland,2013,776
All Donor Types,Maryland,2012,746
All Donor Types,Maryland,2011,673
All Donor Types,Maryland,2010,629
All Donor Types,Maryland,2009,731
All Donor Types,Maryland,2008,599
All Donor Types,Maryland,2007,669
All Donor Types,Maryland,2006,697
All Donor Types,Maryland,2005,627
All Donor Types,Maryland,2004,568
All Donor Types,Maryland,2003,483
All Donor Types,Maryland,2002,630
All Donor Types,Maryland,2001,753
All Donor Types,Maryland,2000,812
All Donor Types,Maryland,1999,754
All Donor Types,Maryland,1998,586
All Donor Types,Maryland,1997,501
All Donor Types,Maryland,1996,511
All Donor Types,Maryland,1995,433
All Donor Types,Maryland,1994,329
All Donor Types,Maryland,1993,311
All Donor Types,Maryland,1992,253
All Donor Types,Maryland,1991,184
All Donor Types,Maryland,1990,149
All Donor Types,Maryland,1989,144
All Donor Types,Maryland,1988,146
All Donor Types,Massachusetts,To Date,30613
All Donor Types,Massachusetts,2026,1010
All Donor Types,Massachusetts,2025,1631
All Donor Types,Massachusetts,2024,1492
All Donor Types,Massachusetts,2023,1295
All Donor Types,Massachusetts,2022,1128
All Donor Types,Massachusetts,2021,980
All Donor Types,Massachusetts,2020,916
All Donor Types,Massachusetts,2019,1033
All Donor Types,Massachusetts,2018,1015
All Donor Types,Massachusetts,2017,1018
All Donor Types,Massachusetts,2016,1010
All Donor Types,Massachusetts,2015,795
All Donor Types,Massachusetts,2014,800
All Donor Types,Massachusetts,2013,753
All Donor Types,Massachusetts,2012,690
All Donor Types,Massachusetts,2011,739
All Donor Types,Massachusetts,2010,777
All Donor Types,Massachusetts,2009,800
All Donor Types,Massachusetts,2008,708
All Donor Types,Massachusetts,2007,735
All Donor Types,Massachusetts,2006,765
All Donor Types,Massachusetts,2005,731
All Donor Types,Massachusetts,2004,705
All Donor Types,Massachusetts,2003,672
All Donor Types,Massachusetts,2002,604
All Donor Types,Massachusetts,2001,662
All Donor Types,Massachusetts,2000,647
All Donor Types,Massachusetts,1999,540
All Donor Types,Massachusetts,1998,560
All Donor Types,Massachusetts,1997,595
All Donor Types,Massachusetts,1996,597
All Donor Types,Massachusetts,1995,547
All Donor Types,Massachusetts,1994,544
All Donor Types,Massachusetts,1993,532
All Donor Types,Massachusetts,1992,535
All Donor Types,Massachusetts,1991,568
All Donor Types,Massachusetts,1990,526
All Donor Types,Massachusetts,1989,515
All Donor Types,Massachusetts,1988,443
All Donor Types,Michigan,To Date,31961
All Donor Types,Michigan,2026,910
All Donor Types,Michigan,2025,1250
All Donor Types,Michigan,2024,1140
All Donor Types,Michigan,2023,1161
All Donor Types,Michigan,2022,995
All Donor Types,Michigan,2021,932
All Donor Types,Michigan,2020,936
All Donor Types,Michigan,2019,1033
All Donor Types,Michigan,2018,1039
All Donor Types,Michigan,2017,939
All Donor Types,Michigan,2016,1000
All Donor Types,Michigan,2015,924
All Donor Types,Michigan,2014,873
All Donor Types,Michigan,2013,923
All Donor Types,Michigan,2012,870
All Donor Types,Michigan,2011,816
All Donor Types,Michigan,2010,843
All Donor Types,Michigan,2009,927
All Donor Types,Michigan,2008,909
All Donor Types,Michigan,2007,863
All Donor Types,Michigan,2006,928
All Donor Types,Michigan,2005,891
All Donor Types,Michigan,2004,919
All Donor Types,Michigan,2003,784
All Donor Types,Michigan,2002,791
All Donor Types,Michigan,2001,761
All Donor Types,Michigan,2000,721
All Donor Types,Michigan,1999,673
All Donor Types,Michigan,1998,699
All Donor Types,Michigan,1997,641
All Donor Types,Michigan,1996,626
All Donor Types,Michigan,1995,644
All Donor Types,Michigan,1994,599
All Donor Types,Michigan,1993,555
All Donor Types,Michigan,1992,551
All Donor Types,Michigan,1991,554
All Donor Types,Michigan,1990,483
All Donor Types,Michigan,1989,460
All Donor Types,Michigan,1988,398
All Donor Types,Minnesota,To Date,31672
All Donor Types,Minnesota,2026,761
All Donor Types,Minnesota,2025,1134
All Donor Types,Minnesota,2024,1140
All Donor Types,Minnesota,2023,1178
All Donor Types,Minnesota,2022,1078
All Donor Types,Minnesota,2021,986
All Donor Types,Minnesota,2020,825
All Donor Types,Minnesota,2019,905
All Donor Types,Minnesota,2018,813
All Donor Types,Minnesota,2017,881
All Donor Types,Minnesota,2016,894
All Donor Types,Minnesota,2015,845
All Donor Types,Minnesota,2014,746
All Donor Types,Minnesota,2013,722
All Donor Types,Minnesota,2012,752
All Donor Types,Minnesota,2011,774
All Donor Types,Minnesota,2010,766
All Donor Types,Minnesota,2009,804
All Donor Types,Minnesota,2008,814
All Donor Types,Minnesota,2007,844
All Donor Types,Minnesota,2006,929
All Donor Types,Minnesota,2005,974
All Donor Types,Minnesota,2004,955
All Donor Types,Minnesota,2003,942
All Donor Types,Minnesota,2002,887
All Donor Types,Minnesota,2001,959
All Donor Types,Minnesota,2000,919
All Donor Types,Minnesota,1999,807
All Donor Types,Minnesota,1998,728
All Donor Types,Minnesota,1997,672
All Donor Types,Minnesota,1996,656
All Donor Types,Minnesota,1995,660
All Donor Types,Minnesota,1994,624
All Donor Types,Minnesota,1993,630
All Donor Types,Minnesota,1992,606
All Donor Types,Minnesota,1991,549
All Donor Types,Minnesota,1990,537
All Donor Types,Minnesota,1989,486
All Donor Types,Minnesota,1988,490
All Donor Types,Mississippi,To Date,3714
All Donor Types,Mississippi,2026,142
All Donor Types,Mississippi,2025,185
All Donor Types,Mississippi,2024,209
All Donor Types,Mississippi,2023,213
All Donor Types,Mississippi,2022,187
All Donor Types,Mississippi,2021,203
All Donor Types,Mississippi,2020,172
All Donor Types,Mississippi,2019,200
All Donor Types,Mississippi,2018,187
All Donor Types,Mississippi,2017,178
All Donor Types,Mississippi,2016,204
All Donor Types,Mississippi,2015,132
All Donor Types,Mississippi,2014,128
All Donor Types,Mississippi,2013,126
All Donor Types,Mississippi,2012,115
All Donor Types,Mississippi,2011,84
All Donor Types,Mississippi,2010,64
All Donor Types,Mississippi,2009,83
All Donor Types,Mississippi,2008,96
All Donor Types,Mississippi,2007,111
All Donor Types,Mississippi,2006,16
All Donor Types,Mississippi,2005,22
All Donor Types,Mississippi,2004,33
All Donor Types,Mississippi,2003,40
All Donor Types,Mississippi,2002,43
All Donor Types,Mississippi,2001,38
All Donor Types,Mississippi,2000,37
All Donor Types,Mississippi,1999,44
All Donor Types,Mississippi,1998,63
All Donor Types,Mississippi,1997,34
All Donor Types,Mississippi,1996,53
All Donor Types,Mississippi,1995,46
All Donor Types,Mississippi,1994,61
All Donor Types,Mississippi,1993,36
All Donor Types,Mississippi,1992,19
All Donor Types,Mississippi,1991,26
All Donor Types,Mississippi,1990,31
All Donor Types,Mississippi,1989,19
All Donor Types,Mississippi,1988,34
All Donor Types,Missouri,To Date,27250
All Donor Types,Missouri,2026,729
All Donor Types,Missouri,2025,1028
All Donor Types,Missouri,2024,1051
All Donor Types,Missouri,2023,975
All Donor Types,Missouri,2022,988
All Donor Types,Missouri,2021,963
All Donor Types,Missouri,2020,972
All Donor Types,Missouri,2019,1044
All Donor Types,Missouri,2018,891
All Donor Types,Missouri,2017,912
All Donor Types,Missouri,2016,800
All Donor Types,Missouri,2015,734
All Donor Types,Missouri,2014,717
All Donor Types,Missouri,2013,695
All Donor Types,Missouri,2012,727
All Donor Types,Missouri,2011,747
All Donor Types,Missouri,2010,725
All Donor Types,Missouri,2009,754
All Donor Types,Missouri,2008,704
All Donor Types,Missouri,2007,740
All Donor Types,Missouri,2006,774
All Donor Types,Missouri,2005,670
All Donor Types,Missouri,2004,601
All Donor Types,Missouri,2003,494
All Donor Types,Missouri,2002,508
All Donor Types,Missouri,2001,539
All Donor Types,Missouri,2000,595
All Donor Types,Missouri,1999,607
All Donor Types,Missouri,1998,636
All Donor Types,Missouri,1997,592
All Donor Types,Missouri,1996,534
All Donor Types,Missouri,1995,581
All Donor Types,Missouri,1994,607
All Donor Types,Missouri,1993,542
All Donor Types,Missouri,1992,439
All Donor Types,Missouri,1991,458
All Donor Types,Missouri,1990,388
All Donor Types,Missouri,1989,416
All Donor Types,Missouri,1988,373
All Donor Types,Nebraska,To Date,11030
All Donor Types,Nebraska,2026,318
All Donor Types,Nebraska,2025,419
All Donor Types,Nebraska,2024,410
All Donor Types,Nebraska,2023,363
All Donor Types,Nebraska,2022,316
All Donor Types,Nebraska,2021,333
All Donor Types,Nebraska,2020,339
All Donor Types,Nebraska,2019,331
All Donor Types,Nebraska,2018,301
All Donor Types,Nebraska,2017,338
All Donor Types,Nebraska,2016,293
All Donor Types,Nebraska,2015,305
All Donor Types,Nebraska,2014,326
All Donor Types,Nebraska,2013,347
All Donor Types,Nebraska,2012,302
All Donor Types,Nebraska,2011,261
All Donor Types,Nebraska,2010,303
All Donor Types,Nebraska,2009,315
All Donor Types,Nebraska,2008,288
All Donor Types,Nebraska,2007,337
All Donor Types,Nebraska,2006,335
All Donor Types,Nebraska,2005,257
All Donor Types,Nebraska,2004,267
All Donor Types,Nebraska,2003,217
All Donor Types,Nebraska,2002,226
All Donor Types,Nebraska,2001,232
All Donor Types,Nebraska,2000,249
All Donor Types,Nebraska,1999,207
All Donor Types,Nebraska,1998,236
All Donor Types,Nebraska,1997,223
All Donor Types,Nebraska,1996,227
All Donor Types,Nebraska,1995,229
All Donor Types,Nebraska,1994,243
All Donor Types,Nebraska,1993,252
All Donor Types,Nebraska,1992,237
All Donor Types,Nebraska,1991,238
All Donor Types,Nebraska,1990,215
All Donor Types,Nebraska,1989,203
All Donor Types,Nebraska,1988,192
All Donor Types,Nevada,To Date,2651
All Donor Types,Nevada,2026,109
All Donor Types,Nevada,2025,188
All Donor Types,Nevada,2024,188
All Donor Types,Nevada,2023,176
All Donor Types,Nevada,2022,141
All Donor Types,Nevada,2021,138
All Donor Types,Nevada,2020,91
All Donor Types,Nevada,2019,43
All Donor Types,Nevada,2018,47
All Donor Types,Nevada,2017,64
All Donor Types,Nevada,2016,63
All Donor Types,Nevada,2015,78
All Donor Types,Nevada,2014,61
All Donor Types,Nevada,2013,59
All Donor Types,Nevada,2012,60
All Donor Types,Nevada,2011,45
All Donor Types,Nevada,2010,47
All Donor Types,Nevada,2009,45
All Donor Types,Nevada,2008,44
All Donor Types,Nevada,2007,65
All Donor Types,Nevada,2006,69
All Donor Types,Nevada,2005,66
All Donor Types,Nevada,2004,65
All Donor Types,Nevada,2003,59
All Donor Types,Nevada,2002,68
All Donor Types,Nevada,2001,70
All Donor Types,Nevada,2000,63
All Donor Types,Nevada,1999,53
All Donor Types,Nevada,1998,59
All Donor Types,Nevada,1997,65
All Donor Types,Nevada,1996,45
All Donor Types,Nevada,1995,29
All Donor Types,Nevada,1994,39
All Donor Types,Nevada,1993,49
All Donor Types,Nevada,1992,41
All Donor Types,Nevada,1991,34
All Donor Types,Nevada,1990,24
All Donor Types,Nevada,1989,1
All Donor Types,Nevada,1988,0
All Donor Types,New Hampshire,To Date,1147
All Donor Types,New Hampshire,2026,15
All Donor Types,New Hampshire,2025,26
All Donor Types,New Hampshire,2024,19
All Donor Types,New Hampshire,2023,27
All Donor Types,New Hampshire,2022,23
All Donor Types,New Hampshire,2021,25
All Donor Types,New Hampshire,2020,22
All Donor Types,New Hampshire,2019,26
All Donor Types,New Hampshire,2018,20
All Donor Types,New Hampshire,2017,16
All Donor Types,New Hampshire,2016,42
All Donor Types,New Hampshire,2015,51
All Donor Types,New Hampshire,2014,43
All Donor Types,New Hampshire,2013,39
All Donor Types,New Hampshire,2012,43
All Donor Types,New Hampshire,2011,63
All Donor Types,New Hampshire,2010,61
All Donor Types,New Hampshire,2009,57
All Donor Types,New Hampshire,2008,48
All Donor Types,New Hampshire,2007,59
All Donor Types,New Hampshire,2006,56
All Donor Types,New Hampshire,2005,42
All Donor Types,New Hampshire,2004,36
All Donor Types,New Hampshire,2003,35
All Donor Types,New Hampshire,2002,31
All Donor Types,New Hampshire,2001,25
All Donor Types,New Hampshire,2000,21
All Donor Types,New Hampshire,1999,20
All Donor Types,New Hampshire,1998,26
All Donor Types,New Hampshire,1997,20
All Donor Types,New Hampshire,1996,30
All Donor Types,New Hampshire,1995,26
All Donor Types,New Hampshire,1994,23
All Donor Types,New Hampshire,1993,27
All Donor Types,New Hampshire,1992,4
All Donor Types,New Hampshire,1991,0
All Donor Types,New Hampshire,1990,0
All Donor Types,New Hampshire,1989,0
All Donor Types,New Hampshire,1988,0
All Donor Types,New Jersey,To Date,19919
All Donor Types,New Jersey,2026,666
All Donor Types,New Jersey,2025,1009
All Donor Types,New Jersey,2024,1063
All Donor Types,New Jersey,2023,1032
All Donor Types,New Jersey,2022,822
All Donor Types,New Jersey,2021,693
All Donor Types,New Jersey,2020,590
All Donor Types,New Jersey,2019,695
All Donor Types,New Jersey,2018,560
All Donor Types,New Jersey,2017,582
All Donor Types,New Jersey,2016,600
All Donor Types,New Jersey,2015,564
All Donor Types,New Jersey,2014,470
All Donor Types,New Jersey,2013,519
All Donor Types,New Jersey,2012,549
All Donor Types,New Jersey,2011,596
All Donor Types,New Jersey,2010,595
All Donor Types,New Jersey,2009,585
All Donor Types,New Jersey,2008,576
All Donor Types,New Jersey,2007,585
All Donor Types,New Jersey,2006,534
All Donor Types,New Jersey,2005,589
All Donor Types,New Jersey,2004,613
All Donor Types,New Jersey,2003,513
All Donor Types,New Jersey,2002,514
All Donor Types,New Jersey,2001,506
All Donor Types,New Jersey,2000,484
All Donor Types,New Jersey,1999,455
All Donor Types,New Jersey,1998,324
All Donor Types,New Jersey,1997,324
All Donor Types,New Jersey,1996,297
All Donor Types,New Jersey,1995,261
All Donor Types,New Jersey,1994,244
All Donor Types,New Jersey,1993,219
All Donor Types,New Jersey,1992,184
All Donor Types,New Jersey,1991,168
All Donor Types,New Jersey,1990,140
All Donor Types,New Jersey,1989,109
All Donor Types,New Jersey,1988,90
All Donor Types,New Mexico,To Date,3007
All Donor Types,New Mexico,2026,56
All Donor Types,New Mexico,2025,65
All Donor Types,New Mexico,2024,86
All Donor Types,New Mexico,2023,109
All Donor Types,New Mexico,2022,92
All Donor Types,New Mexico,2021,95
All Donor Types,New Mexico,2020,87
All Donor Types,New Mexico,2019,87
All Donor Types,New Mexico,2018,72
All Donor Types,New Mexico,2017,88
All Donor Types,New Mexico,2016,86
All Donor Types,New Mexico,2015,66
All Donor Types,New Mexico,2014,87
All Donor Types,New Mexico,2013,65
All Donor Types,New Mexico,2012,62
All Donor Types,New Mexico,2011,78
All Donor Types,New Mexico,2010,78
All Donor Types,New Mexico,2009,96
All Donor Types,New Mexico,2008,82
All Donor Types,New Mexico,2007,72
All Donor Types,New Mexico,2006,78
All Donor Types,New Mexico,2005,68
All Donor Types,New Mexico,2004,64
All Donor Types,New Mexico,2003,53
All Donor Types,New Mexico,2002,59
All Donor Types,New Mexico,2001,61
All Donor Types,New Mexico,2000,74
All Donor Types,New Mexico,1999,73
All Donor Types,New Mexico,1998,85
All Donor Types,New Mexico,1997,65
All Donor Types,New Mexico,1996,108
All Donor Types,New Mexico,1995,104
All Donor Types,New Mexico,1994,76
All Donor Types,New Mexico,1993,62
All Donor Types,New Mexico,1992,61
All Donor Types,New Mexico,1991,87
All Donor Types,New Mexico,1990,79
All Donor Types,New Mexico,1989,59
All Donor Types,New Mexico,1988,82
All Donor Types,New York,To Date,73476
All Donor Types,New York,2026,2371
All Donor Types,New York,2025,3609
All Donor Types,New York,2024,3626
All Donor Types,New York,2023,3580
All Donor Types,New York,2022,3396
All Donor Types,New York,2021,3167
All Donor Types,New York,2020,2489
All Donor Types,New York,2019,2681
All Donor Types,New York,2018,2624
All Donor Types,New York,2017,2238
All Donor Types,New York,2016,2148
All Donor Types,New York,2015,1930
All Donor Types,New York,2014,1826
All Donor Types,New York,2013,1671
All Donor Types,New York,2012,1802
All Donor Types,New York,2011,1830
All Donor Types,New York,2010,1802
All Donor Types,New York,2009,1939
All Donor Types,New York,2008,1949
All Donor Types,New York,2007,2079
All Donor Types,New York,2006,2274
All Donor Types,New York,2005,2043
All Donor Types,New York,2004,1749
All Donor Types,New York,2003,1539
All Donor Types,New York,2002,1644
All Donor Types,New York,2001,1655
All Donor Types,New York,2000,1467
All Donor Types,New York,1999,1402
All Donor Types,New York,1998,1377
All Donor Types,New York,1997,1251
All Donor Types,New York,1996,1137
All Donor Types,New York,1995,1188
All Donor Types,New York,1994,1061
All Donor Types,New York,1993,997
All Donor Types,New York,1992,950
All Donor Types,New York,1991,862
All Donor Types,New York,1990,822
All Donor Types,New York,1989,685
All Donor Types,New York,1988,616
All Donor Types,North Carolina,To Date,33512
All Donor Types,North Carolina,2026,1084
All Donor Types,North Carolina,2025,1648
All Donor Types,North Carolina,2024,1544
All Donor Types,North Carolina,2023,1539
All Donor Types,North Carolina,2022,1404
All Donor Types,North Carolina,2021,1352
All Donor Types,North Carolina,2020,1351
All Donor Types,North Carolina,2019,1392
All Donor Types,North Carolina,2018,1145
All Donor Types,North Carolina,2017,1096
All Donor Types,North Carolina,2016,1044
All Donor Types,North Carolina,2015,1016
All Donor Types,North Carolina,2014,1005
All Donor Types,North Carolina,2013,954
All Donor Types,North Carolina,2012,955
All Donor Types,North Carolina,2011,1042
All Donor Types,North Carolina,2010,1044
All Donor Types,North Carolina,2009,908
All Donor Types,North Carolina,2008,876
All Donor Types,North Carolina,2007,788
All Donor Types,North Carolina,2006,776
All Donor Types,North Carolina,2005,783
All Donor Types,North Carolina,2004,728
All Donor Types,North Carolina,2003,751
All Donor Types,North Carolina,2002,701
All Donor Types,North Carolina,2001,693
All Donor Types,North Carolina,2000,674
All Donor Types,North Carolina,1999,606
All Donor Types,North Carolina,1998,633
All Donor Types,North Carolina,1997,573
All Donor Types,North Carolina,1996,526
All Donor Types,North Carolina,1995,483
All Donor Types,North Carolina,1994,528
All Donor Types,North Carolina,1993,347
All Donor Types,North Carolina,1992,349
All Donor Types,North Carolina,1991,361
All Donor Types,North Carolina,1990,311
All Donor Types,North Carolina,1989,245
All Donor Types,North Carolina,1988,257
All Donor Types,North Dakota,To Date,1630
All Donor Types,North Dakota,2026,52
All Donor Types,North Dakota,2025,45
All Donor Types,North Dakota,2024,56
All Donor Types,North Dakota,2023,62
All Donor Types,North Dakota,2022,47
All Donor Types,North Dakota,2021,45
All Donor Types,North Dakota,2020,25
All Donor Types,North Dakota,2019,41
All Donor Types,North Dakota,2018,41
All Donor Types,North Dakota,2017,47
All Donor Types,North Dakota,2016,46
All Donor Types,North Dakota,2015,51
All Donor Types,North Dakota,2014,44
All Donor Types,North Dakota,2013,38
All Donor Types,North Dakota,2012,23
All Donor Types,North Dakota,2011,49
All Donor Types,North Dakota,2010,40
All Donor Types,North Dakota,2009,47
All Donor Types,North Dakota,2008,43
All Donor Types,North Dakota,2007,45
All Donor Types,North Dakota,2006,58
All Donor Types,North Dakota,2005,58
All Donor Types,North Dakota,2004,59
All Donor Types,North Dakota,2003,74
All Donor Types,North Dakota,2002,75
All Donor Types,North Dakota,2001,63
All Donor Types,North Dakota,2000,26
All Donor Types,North Dakota,1999,30
All Donor Types,North Dakota,1998,39
All Donor Types,North Dakota,1997,27
All Donor Types,North Dakota,1996,43
All Donor Types,North Dakota,1995,31
All Donor Types,North Dakota,1994,41
All Donor Types,North Dakota,1993,34
All Donor Types,North Dakota,1992,28
All Donor Types,North Dakota,1991,23
All Donor Types,North Dakota,1990,24
All Donor Types,North Dakota,1989,9
All Donor Types,North Dakota,1988,1
All Donor Types,Ohio,To Date,50404
All Donor Types,Ohio,2026,1631
All Donor Types,Ohio,2025,2472
All Donor Types,Ohio,2024,2435
All Donor Types,Ohio,2023,2397
All Donor Types,Ohio,2022,2127
All Donor Types,Ohio,2021,2146
All Donor Types,Ohio,2020,2055
All Donor Types,Ohio,2019,1916
All Donor Types,Ohio,2018,1641
All Donor Types,Ohio,2017,1524
All Donor Types,Ohio,2016,1361
All Donor Types,Ohio,2015,1231
All Donor Types,Ohio,2014,1239
All Donor Types,Ohio,2013,1180
All Donor Types,Ohio,2012,1200
All Donor Types,Ohio,2011,1126
All Donor Types,Ohio,2010,1215
All Donor Types,Ohio,2009,1207
All Donor Types,Ohio,2008,1185
All Donor Types,Ohio,2007,1235
All Donor Types,Ohio,2006,1294
All Donor Types,Ohio,2005,1222
All Donor Types,Ohio,2004,1193
All Donor Types,Ohio,2003,1061
All Donor Types,Ohio,2002,1059
All Donor Types,Ohio,2001,1064
All Donor Types,Ohio,2000,1121
All Donor Types,Ohio,1999,974
All Donor Types,Ohio,1998,1007
All Donor Types,Ohio,1997,929
All Donor Types,Ohio,1996,893
All Donor Types,Ohio,1995,883
All Donor Types,Ohio,1994,843
All Donor Types,Ohio,1993,834
All Donor Types,Ohio,1992,871
All Donor Types,Ohio,1991,772
All Donor Types,Ohio,1990,724
All Donor Types,Ohio,1989,545
All Donor Types,Ohio,1988,592
All Donor Types,Oklahoma,To Date,9869
All Donor Types,Oklahoma,2026,245
All Donor Types,Oklahoma,2025,352
All Donor Types,Oklahoma,2024,391
All Donor Types,Oklahoma,2023,399
All Donor Types,Oklahoma,2022,363
All Donor Types,Oklahoma,2021,327
All Donor Types,Oklahoma,2020,329
All Donor Types,Oklahoma,2019,328
All Donor Types,Oklahoma,2018,316
All Donor Types,Oklahoma,2017,340
All Donor Types,Oklahoma,2016,325
All Donor Types,Oklahoma,2015,319
All Donor Types,Oklahoma,2014,326
All Donor Types,Oklahoma,2013,260
All Donor Types,Oklahoma,2012,278
All Donor Types,Oklahoma,2011,278
All Donor Types,Oklahoma,2010,246
All Donor Types,Oklahoma,2009,225
All Donor Types,Oklahoma,2008,206
All Donor Types,Oklahoma,2007,216
All Donor Types,Oklahoma,2006,198
All Donor Types,Oklahoma,2005,225
All Donor Types,Oklahoma,2004,239
All Donor Types,Oklahoma,2003,252
All Donor Types,Oklahoma,2002,227
All Donor Types,Oklahoma,2001,223
All Donor Types,Oklahoma,2000,207
All Donor Types,Oklahoma,1999,203
All Donor Types,Oklahoma,1998,206
All Donor Types,Oklahoma,1997,163
All Donor Types,Oklahoma,1996,204
All Donor Types,Oklahoma,1995,240
All Donor Types,Oklahoma,1994,255
All Donor Types,Oklahoma,1993,227
All Donor Types,Oklahoma,1992,159
All Donor Types,Oklahoma,1991,137
All Donor Types,Oklahoma,1990,143
All Donor Types,Oklahoma,1989,133
All Donor Types,Oklahoma,1988,159
All Donor Types,Oregon,To Date,11388
All Donor Types,Oregon,2026,320
All Donor Types,Oregon,2025,416
All Donor Types,Oregon,2024,408
All Donor Types,Oregon,2023,519
All Donor Types,Oregon,2022,411
All Donor Types,Oregon,2021,392
All Donor Types,Oregon,2020,429
All Donor Types,Oregon,2019,381
All Donor Types,Oregon,2018,338
All Donor Types,Oregon,2017,336
All Donor Types,Oregon,2016,353
All Donor Types,Oregon,2015,311
All Donor Types,Oregon,2014,282
All Donor Types,Oregon,2013,290
All Donor Types,Oregon,2012,262
All Donor Types,Oregon,2011,278
All Donor Types,Oregon,2010,261
All Donor Types,Oregon,2009,304
All Donor Types,Oregon,2008,275
All Donor Types,Oregon,2007,286
All Donor Types,Oregon,2006,325
All Donor Types,Oregon,2005,290
All Donor Types,Oregon,2004,252
All Donor Types,Oregon,2003,336
All Donor Types,Oregon,2002,313
All Donor Types,Oregon,2001,300
All Donor Types,Oregon,2000,276
All Donor Types,Oregon,1999,244
All Donor Types,Oregon,1998,209
All Donor Types,Oregon,1997,220
All Donor Types,Oregon,1996,205
All Donor Types,Oregon,1995,229
All Donor Types,Oregon,1994,234
All Donor Types,Oregon,1993,236
All Donor Types,Oregon,1992,210
All Donor Types,Oregon,1991,163
All Donor Types,Oregon,1990,190
All Donor Types,Oregon,1989,156
All Donor Types,Oregon,1988,148
All Donor Types,Pennsylvania,To Date,72722
All Donor Types,Pennsylvania,2026,1656
All Donor Types,Pennsylvania,2025,2374
All Donor Types,Pennsylvania,2024,2288
All Donor Types,Pennsylvania,2023,2157
All Donor Types,Pennsylvania,2022,2079
All Donor Types,Pennsylvania,2021,1992
All Donor Types,Pennsylvania,2020,2201
All Donor Types,Pennsylvania,2019,2395
All Donor Types,Pennsylvania,2018,2241
All Donor Types,Pennsylvania,2017,2198
All Donor Types,Pennsylvania,2016,2080
All Donor Types,Pennsylvania,2015,1994
All Donor Types,Pennsylvania,2014,1803
All Donor Types,Pennsylvania,2013,1866
All Donor Types,Pennsylvania,2012,1643
All Donor Types,Pennsylvania,2011,1709
All Donor Types,Pennsylvania,2010,1934
All Donor Types,Pennsylvania,2009,2009
All Donor Types,Pennsylvania,2008,1996
All Donor Types,Pennsylvania,2007,2055
All Donor Types,Pennsylvania,2006,2250
All Donor Types,Pennsylvania,2005,2110
All Donor Types,Pennsylvania,2004,2063
All Donor Types,Pennsylvania,2003,2003
All Donor Types,Pennsylvania,2002,1891
All Donor Types,Pennsylvania,2001,1716
All Donor Types,Pennsylvania,2000,1617
All Donor Types,Pennsylvania,1999,1659
All Donor Types,Pennsylvania,1998,1637
All Donor Types,Pennsylvania,1997,1700
All Donor Types,Pennsylvania,1996,1628
All Donor Types,Pennsylvania,1995,1533
All Donor Types,Pennsylvania,1994,1370
All Donor Types,Pennsylvania,1993,1559
All Donor Types,Pennsylvania,1992,1521
All Donor Types,Pennsylvania,1991,1494
All Donor Types,Pennsylvania,1990,1516
All Donor Types,Pennsylvania,1989,1381
All Donor Types,Pennsylvania,1988,1404
All Donor Types,Puerto Rico,To Date,3466
All Donor Types,Puerto Rico,2026,73
All Donor Types,Puerto Rico,2025,103
All Donor Types,Puerto Rico,2024,145
All Donor Types,Puerto Rico,2023,117
All Donor Types,Puerto Rico,2022,102
All Donor Types,Puerto Rico,2021,116
All Donor Types,Puerto Rico,2020,103
All Donor Types,Puerto Rico,2019,125
All Donor Types,Puerto Rico,2018,122
All Donor Types,Puerto Rico,2017,106
All Donor Types,Puerto Rico,2016,141
All Donor Types,Puerto Rico,2015,154
All Donor Types,Puerto Rico,2014,156
All Donor Types,Puerto Rico,2013,138
All Donor Types,Puerto Rico,2012,124
All Donor Types,Puerto Rico,2011,94
All Donor Types,Puerto Rico,2010,93
All Donor Types,Puerto Rico,2009,94
All Donor Types,Puerto Rico,2008,104
All Donor Types,Puerto Rico,2007,113
All Donor Types,Puerto Rico,2006,88
All Donor Types,Puerto Rico,2005,125
All Donor Types,Puerto Rico,2004,96
All Donor Types,Puerto Rico,2003,101
All Donor Types,Puerto Rico,2002,72
All Donor Types,Puerto Rico,2001,103
All Donor Types,Puerto Rico,2000,81
All Donor Types,Puerto Rico,1999,61
All Donor Types,Puerto Rico,1998,71
All Donor Types,Puerto Rico,1997,41
All Donor Types,Puerto Rico,1996,25
All Donor Types,Puerto Rico,1995,37
All Donor Types,Puerto Rico,1994,32
All Donor Types,Puerto Rico,1993,37
All Donor Types,Puerto Rico,1992,38
All Donor Types,Puerto Rico,1991,36
All Donor Types,Puerto Rico,1990,35
All Donor Types,Puerto Rico,1989,34
All Donor Types,Puerto Rico,1988,30
All Donor Types,Rhode Island,To Date,1699
All Donor Types,Rhode Island,2026,24
All Donor Types,Rhode Island,2025,49
All Donor Types,Rhode Island,2024,47
All Donor Types,Rhode Island,2023,56
All Donor Types,Rhode Island,2022,57
All Donor Types,Rhode Island,2021,51
All Donor Types,Rhode Island,2020,50
All Donor Types,Rhode Island,2019,60
All Donor Types,Rhode Island,2018,63
All Donor Types,Rhode Island,2017,49
All Donor Types,Rhode Island,2016,61
All Donor Types,Rhode Island,2015,46
All Donor Types,Rhode Island,2014,62
All Donor Types,Rhode Island,2013,42
All Donor Types,Rhode Island,2012,66
All Donor Types,Rhode Island,2011,52
All Donor Types,Rhode Island,2010,49
All Donor Types,Rhode Island,2009,53
All Donor Types,Rhode Island,2008,42
All Donor Types,Rhode Island,2007,50
All Donor Types,Rhode Island,2006,69
All Donor Types,Rhode Island,2005,76
All Donor Types,Rhode Island,2004,73
All Donor Types,Rhode Island,2003,76
All Donor Types,Rhode Island,2002,87
All Donor Types,Rhode Island,2001,84
All Donor Types,Rhode Island,2000,63
All Donor Types,Rhode Island,1999,53
All Donor Types,Rhode Island,1998,52
All Donor Types,Rhode Island,1997,37
All Donor Types,Rhode Island,1996,0
All Donor Types,Rhode Island,1995,0
All Donor Types,Rhode Island,1994,0
All Donor Types,Rhode Island,1993,0
All Donor Types,Rhode Island,1992,0
All Donor Types,Rhode Island,1991,0
All Donor Types,Rhode Island,1990,0
All Donor Types,Rhode Island,1989,0
All Donor Types,Rhode Island,1988,0
All Donor Types,South Carolina,To Date,12602
All Donor Types,South Carolina,2026,640
All Donor Types,South Carolina,2025,950
All Donor Types,South Carolina,2024,850
All Donor Types,South Carolina,2023,673
All Donor Types,South Carolina,2022,626
All Donor Types,South Carolina,2021,584
All Donor Types,South Carolina,2020,490
All Donor Types,South Carolina,2019,440
All Donor Types,South Carolina,2018,368
All Donor Types,South Carolina,2017,408
All Donor Types,South Carolina,2016,287
All Donor Types,South Carolina,2015,303
All Donor Types,South Carolina,2014,287
All Donor Types,South Carolina,2013,280
All Donor Types,South Carolina,2012,273
All Donor Types,South Carolina,2011,328
All Donor Types,South Carolina,2010,299
All Donor Types,South Carolina,2009,258
All Donor Types,South Carolina,2008,276
All Donor Types,South Carolina,2007,278
All Donor Types,South Carolina,2006,291
All Donor Types,South Carolina,2005,229
All Donor Types,South Carolina,2004,220
All Donor Types,South Carolina,2003,196
All Donor Types,South Carolina,2002,224
All Donor Types,South Carolina,2001,295
All Donor Types,South Carolina,2000,284
All Donor Types,South Carolina,1999,265
All Donor Types,South Carolina,1998,221
All Donor Types,South Carolina,1997,186
All Donor Types,South Carolina,1996,217
All Donor Types,South Carolina,1995,160
All Donor Types,South Carolina,1994,194
All Donor Types,South Carolina,1993,163
All Donor Types,South Carolina,1992,149
All Donor Types,South Carolina,1991,114
All Donor Types,South Carolina,1990,117
All Donor Types,South Carolina,1989,77
All Donor Types,South Carolina,1988,102
All Donor Types,South Dakota,To Date,1491
All Donor Types,South Dakota,2026,35
All Donor Types,South Dakota,2025,50
All Donor Types,South Dakota,2024,70
All Donor Types,South Dakota,2023,51
All Donor Types,South Dakota,2022,63
All Donor Types,South Dakota,2021,65
All Donor Types,South Dakota,2020,61
All Donor Types,South Dakota,2019,71
All Donor Types,South Dakota,2018,62
All Donor Types,South Dakota,2017,69
All Donor Types,South Dakota,2016,47
All Donor Types,South Dakota,2015,52
All Donor Types,South Dakota,2014,47
All Donor Types,South Dakota,2013,35
All Donor Types,South Dakota,2012,49
All Donor Types,South Dakota,2011,57
All Donor Types,South Dakota,2010,34
All Donor Types,South Dakota,2009,47
All Donor Types,South Dakota,2008,33
All Donor Types,South Dakota,2007,46
All Donor Types,South Dakota,2006,49
All Donor Types,South Dakota,2005,63
All Donor Types,South Dakota,2004,62
All Donor Types,South Dakota,2003,52
All Donor Types,South Dakota,2002,39
All Donor Types,South Dakota,2001,25
All Donor Types,South Dakota,2000,27
All Donor Types,South Dakota,1999,34
All Donor Types,South Dakota,1998,29
All Donor Types,South Dakota,1997,16
All Donor Types,South Dakota,1996,17
All Donor Types,South Dakota,1995,14
All Donor Types,South Dakota,1994,15
All Donor Types,South Dakota,1993,5
All Donor Types,South Dakota,1992,0
All Donor Types,South Dakota,1991,0
All Donor Types,South Dakota,1990,0
All Donor Types,South Dakota,1989,0
All Donor Types,South Dakota,1988,0
All Donor Types,Tennessee,To Date,29110
All Donor Types,Tennessee,2026,1019
All Donor Types,Tennessee,2025,1517
All Donor Types,Tennessee,2024,1566
All Donor Types,Tennessee,2023,1447
All Donor Types,Tennessee,2022,1209
All Donor Types,Tennessee,2021,1202
All Donor Types,Tennessee,2020,1164
All Donor Types,Tennessee,2019,1040
All Donor Types,Tennessee,2018,1026
All Donor Types,Tennessee,2017,965
All Donor Types,Tennessee,2016,908
All Donor Types,Tennessee,2015,857
All Donor Types,Tennessee,2014,818
All Donor Types,Tennessee,2013,796
All Donor Types,Tennessee,2012,738
All Donor Types,Tennessee,2011,789
All Donor Types,Tennessee,2010,715
All Donor Types,Tennessee,2009,776
All Donor Types,Tennessee,2008,658
All Donor Types,Tennessee,2007,680
All Donor Types,Tennessee,2006,724
All Donor Types,Tennessee,2005,620
All Donor Types,Tennessee,2004,620
All Donor Types,Tennessee,2003,584
All Donor Types,Tennessee,2002,607
All Donor Types,Tennessee,2001,549
All Donor Types,Tennessee,2000,550
All Donor Types,Tennessee,1999,533
All Donor Types,Tennessee,1998,528
All Donor Types,Tennessee,1997,498
All Donor Types,Tennessee,1996,478
All Donor Types,Tennessee,1995,440
All Donor Types,Tennessee,1994,384
All Donor Types,Tennessee,1993,438
All Donor Types,Tennessee,1992,363
All Donor Types,Tennessee,1991,366
All Donor Types,Tennessee,1990,389
All Donor Types,Tennessee,1989,295
All Donor Types,Tennessee,1988,254
All Donor Types,Texas,To Date,91313
All Donor Types,Texas,2026,3231
All Donor Types,Texas,2025,4774
All Donor Types,Texas,2024,4425
All Donor Types,Texas,2023,4230
All Donor Types,Texas,2022,3998
All Donor Types,Texas,2021,3987
All Donor Types,Texas,2020,3664
All Donor Types,Texas,2019,3666
All Donor Types,Texas,2018,3231
All Donor Types,Texas,2017,3260
All Donor Types,Texas,2016,3130
All Donor Types,Texas,2015,2803
All Donor Types,Texas,2014,2627
All Donor Types,Texas,2013,2431
All Donor Types,Texas,2012,2355
All Donor Types,Texas,2011,2318
All Donor Types,Texas,2010,2368
All Donor Types,Texas,2009,2190
All Donor Types,Texas,2008,2166
All Donor Types,Texas,2007,2165
All Donor Types,Texas,2006,2052
All Donor Types,Texas,2005,1999
All Donor Types,Texas,2004,1940
All Donor Types,Texas,2003,1899
All Donor Types,Texas,2002,1814
All Donor Types,Texas,2001,1636
All Donor Types,Texas,2000,1629
All Donor Types,Texas,1999,1603
All Donor Types,Texas,1998,1523
All Donor Types,Texas,1997,1401
All Donor Types,Texas,1996,1335
All Donor Types,Texas,1995,1360
All Donor Types,Texas,1994,1290
All Donor Types,Texas,1993,1260
All Donor Types,Texas,1992,1215
All Donor Types,Texas,1991,1172
All Donor Types,Texas,1990,1101
All Donor Types,Texas,1989,1086
All Donor Types,Texas,1988,979
All Donor Types,Utah,To Date,13555
All Donor Types,Utah,2026,585
All Donor Types,Utah,2025,882
All Donor Types,Utah,2024,810
All Donor Types,Utah,2023,714
All Donor Types,Utah,2022,639
All Donor Types,Utah,2021,602
All Donor Types,Utah,2020,514
All Donor Types,Utah,2019,448
All Donor Types,Utah,2018,441
All Donor Types,Utah,2017,436
All Donor Types,Utah,2016,385
All Donor Types,Utah,2015,363
All Donor Types,Utah,2014,353
All Donor Types,Utah,2013,361
All Donor Types,Utah,2012,271
All Donor Types,Utah,2011,289
All Donor Types,Utah,2010,268
All Donor Types,Utah,2009,269
All Donor Types,Utah,2008,260
All Donor Types,Utah,2007,281
All Donor Types,Utah,2006,290
All Donor Types,Utah,2005,238
All Donor Types,Utah,2004,302
All Donor Types,Utah,2003,276
All Donor Types,Utah,2002,264
All Donor Types,Utah,2001,223
All Donor Types,Utah,2000,221
All Donor Types,Utah,1999,244
All Donor Types,Utah,1998,230
All Donor Types,Utah,1997,208
All Donor Types,Utah,1996,218
All Donor Types,Utah,1995,231
All Donor Types,Utah,1994,192
All Donor Types,Utah,1993,203
All Donor Types,Utah,1992,191
All Donor Types,Utah,1991,229
All Donor Types,Utah,1990,223
All Donor Types,Utah,1989,199
All Donor Types,Utah,1988,202
All Donor Types,Vermont,To Date,826
All Donor Types,Vermont,2026,0
All Donor Types,Vermont,2025,2
All Donor Types,Vermont,2024,16
All Donor Types,Vermont,2023,12
All Donor Types,Vermont,2022,10
All Donor Types,Vermont,2021,5
All Donor Types,Vermont,2020,7
All Donor Types,Vermont,2019,20
All Donor Types,Vermont,2018,11
All Donor Types,Vermont,2017,21
All Donor Types,Vermont,2016,24
All Donor Types,Vermont,2015,16
All Donor Types,Vermont,2014,30
All Donor Types,Vermont,2013,25
All Donor Types,Vermont,2012,24
All Donor Types,Vermont,2011,38
All Donor Types,Vermont,2010,45
All Donor Types,Vermont,2009,33
All Donor Types,Vermont,2008,46
All Donor Types,Vermont,2007,41
All Donor Types,Vermont,2006,50
All Donor Types,Vermont,2005,38
All Donor Types,Vermont,2004,24
All Donor Types,Vermont,2003,37
All Donor Types,Vermont,2002,3
All Donor Types,Vermont,2001,6
All Donor Types,Vermont,2000,21
All Donor Types,Vermont,1999,24
All Donor Types,Vermont,1998,22
All Donor Types,Vermont,1997,25
All Donor Types,Vermont,1996,24
All Donor Types,Vermont,1995,27
All Donor Types,Vermont,1994,17
All Donor Types,Vermont,1993,5
All Donor Types,Vermont,1992,0
All Donor Types,Vermont,1991,15
All Donor Types,Vermont,1990,25
All Donor Types,Vermont,1989,15
All Donor Types,Vermont,1988,22
All Donor Types,Virginia,To Date,27290
All Donor Types,Virginia,2026,852
All Donor Types,Virginia,2025,1369
All Donor Types,Virginia,2024,1429
All Donor Types,Virginia,2023,1340
All Donor Types,Virginia,2022,1191
All Donor Types,Virginia,2021,1129
All Donor Types,Virginia,2020,1077
All Donor Types,Virginia,2019,1146
All Donor Types,Virginia,2018,916
All Donor Types,Virginia,2017,839
All Donor Types,Virginia,2016,701
All Donor Types,Virginia,2015,649
All Donor Types,Virginia,2014,620
All Donor Types,Virginia,2013,633
All Donor Types,Virginia,2012,688
All Donor Types,Virginia,2011,624
All Donor Types,Virginia,2010,682
All Donor Types,Virginia,2009,713
All Donor Types,Virginia,2008,701
All Donor Types,Virginia,2007,679
All Donor Types,Virginia,2006,744
All Donor Types,Virginia,2005,685
All Donor Types,Virginia,2004,627
All Donor Types,Virginia,2003,601
All Donor Types,Virginia,2002,559
All Donor Types,Virginia,2001,578
All Donor Types,Virginia,2000,527
All Donor Types,Virginia,1999,511
All Donor Types,Virginia,1998,501
All Donor Types,Virginia,1997,521
All Donor Types,Virginia,1996,547
All Donor Types,Virginia,1995,461
All Donor Types,Virginia,1994,460
All Donor Types,Virginia,1993,426
All Donor Types,Virginia,1992,362
All Donor Types,Virginia,1991,368
All Donor Types,Virginia,1990,379
All Donor Types,Virginia,1989,233
All Donor Types,Virginia,1988,222
All Donor Types,Washington,To Date,21608
All Donor Types,Washington,2026,581
All Donor Types,Washington,2025,922
All Donor Types,Washington,2024,900
All Donor Types,Washington,2023,877
All Donor Types,Washington,2022,784
All Donor Types,Washington,2021,793
All Donor Types,Washington,2020,730
All Donor Types,Washington,2019,801
All Donor Types,Washington,2018,781
All Donor Types,Washington,2017,699
All Donor Types,Washington,2016,648
All Donor Types,Washington,2015,623
All Donor Types,Washington,2014,668
All Donor Types,Washington,2013,619
All Donor Types,Washington,2012,585
All Donor Types,Washington,2011,547
All Donor Types,Washington,2010,579
All Donor Types,Washington,2009,518
All Donor Types,Washington,2008,533
All Donor Types,Washington,2007,546
All Donor Types,Washington,2006,521
All Donor Types,Washington,2005,554
All Donor Types,Washington,2004,622
All Donor Types,Washington,2003,563
All Donor Types,Washington,2002,518
All Donor Types,Washington,2001,485
All Donor Types,Washington,2000,530
All Donor Types,Washington,1999,454
All Donor Types,Washington,1998,423
All Donor Types,Washington,1997,355
All Donor Types,Washington,1996,403
All Donor Types,Washington,1995,357
All Donor Types,Washington,1994,362
All Donor Types,Washington,1993,348
All Donor Types,Washington,1992,298
All Donor Types,Washington,1991,348
All Donor Types,Washington,1990,337
All Donor Types,Washington,1989,212
All Donor Types,Washington,1988,184
All Donor Types,West Virginia,To Date,2325
All Donor Types,West Virginia,2026,81
All Donor Types,West Virginia,2025,103
All Donor Types,West Virginia,2024,102
All Donor Types,West Virginia,2023,147
All Donor Types,West Virginia,2022,100
All Donor Types,West Virginia,2021,115
All Donor Types,West Virginia,2020,118
All Donor Types,West Virginia,2019,88
All Donor Types,West Virginia,2018,66
All Donor Types,West Virginia,2017,28
All Donor Types,West Virginia,2016,36
All Donor Types,West Virginia,2015,25
All Donor Types,West Virginia,2014,39
All Donor Types,West Virginia,2013,43
All Donor Types,West Virginia,2012,40
All Donor Types,West Virginia,2011,44
All Donor Types,West Virginia,2010,37
All Donor Types,West Virginia,2009,35
All Donor Types,West Virginia,2008,45
All Donor Types,West Virginia,2007,48
All Donor Types,West Virginia,2006,59
All Donor Types,West Virginia,2005,50
All Donor Types,West Virginia,2004,50
All Donor Types,West Virginia,2003,65
All Donor Types,West Virginia,2002,61
All Donor Types,West Virginia,2001,53
All Donor Types,West Virginia,2000,59
All Donor Types,West Virginia,1999,79
All Donor Types,West Virginia,1998,74
All Donor Types,West Virginia,1997,73
All Donor Types,West Virginia,1996,67
All Donor Types,West Virginia,1995,36
All Donor Types,West Virginia,1994,36
All Donor Types,West Virginia,1993,32
All Donor Types,West Virginia,1992,41
All Donor Types,West Virginia,1991,34
All Donor Types,West Virginia,1990,37
All Donor Types,West Virginia,1989,44
All Donor Types,West Virginia,1988,35
All Donor Types,Wisconsin,To Date,26647
All Donor Types,Wisconsin,2026,686
All Donor Types,Wisconsin,2025,962
All Donor Types,Wisconsin,2024,879
All Donor Types,Wisconsin,2023,830
All Donor Types,Wisconsin,2022,691
All Donor Types,Wisconsin,2021,689
All Donor Types,Wisconsin,2020,820
All Donor Types,Wisconsin,2019,741
All Donor Types,Wisconsin,2018,718
All Donor Types,Wisconsin,2017,758
All Donor Types,Wisconsin,2016,803
All Donor Types,Wisconsin,2015,692
All Donor Types,Wisconsin,2014,691
All Donor Types,Wisconsin,2013,685
All Donor Types,Wisconsin,2012,646
All Donor Types,Wisconsin,2011,703
All Donor Types,Wisconsin,2010,672
All Donor Types,Wisconsin,2009,677
All Donor Types,Wisconsin,2008,734
All Donor Types,Wisconsin,2007,737
All Donor Types,Wisconsin,2006,767
All Donor Types,Wisconsin,2005,814
All Donor Types,Wisconsin,2004,776
All Donor Types,Wisconsin,2003,741
All Donor Types,Wisconsin,2002,796
All Donor Types,Wisconsin,2001,685
All Donor Types,Wisconsin,2000,625
All Donor Types,Wisconsin,1999,673
All Donor Types,Wisconsin,1998,639
All Donor Types,Wisconsin,1997,641
All Donor Types,Wisconsin,1996,630
All Donor Types,Wisconsin,1995,602
All Donor Types,Wisconsin,1994,562
All Donor Types,Wisconsin,1993,579
All Donor Types,Wisconsin,1992,473
All Donor Types,Wisconsin,1991,491
All Donor Types,Wisconsin,1990,492
All Donor Types,Wisconsin,1989,423
All Donor Types,Wisconsin,1988,424
Deceased Donor,All Center States,To Date,887017
Deceased Donor,All Center States,2026,28165
Deceased Donor,All Center States,2025,41826
Deceased Donor,All Center States,2024,41119
Deceased Donor,All Center States,2023,39679
Deceased Donor,All Center States,2022,36421
Deceased Donor,All Center States,2021,34814
Deceased Donor,All Center States,2020,33310
Deceased Donor,All Center States,2019,32322
Deceased Donor,All Center States,2018,29681
Deceased Donor,All Center States,2017,28588
Deceased Donor,All Center States,2016,27630
Deceased Donor,All Center States,2015,24985
Deceased Donor,All Center States,2014,23721
Deceased Donor,All Center States,2013,22968
Deceased Donor,All Center States,2012,22193
Deceased Donor,All Center States,2011,22531
Deceased Donor,All Center States,2010,22107
Deceased Donor,All Center States,2009,21854
Deceased Donor,All Center States,2008,21749
Deceased Donor,All Center States,2007,22053
Deceased Donor,All Center States,2006,22208
Deceased Donor,All Center States,2005,21214
Deceased Donor,All Center States,2004,20050
Deceased Donor,All Center States,2003,18661
Deceased Donor,All Center States,2002,18297
Deceased Donor,All Center States,2001,17645
Deceased Donor,All Center States,2000,17335
Deceased Donor,All Center States,1999,17011
Deceased Donor,All Center States,1998,16980
Deceased Donor,All Center States,1997,16266
Deceased Donor,All Center States,1996,15983
Deceased Donor,All Center States,1995,15921
Deceased Donor,All Center States,1994,15211
Deceased Donor,All Center States,1993,14733
Deceased Donor,All Center States,1992,13563
Deceased Donor,All Center States,1991,13329
Deceased Donor,All Center States,1990,12878
Deceased Donor,All Center States,1989,11222
Deceased Donor,All Center States,1988,10794
Deceased Donor,Alabama,To Date,12947
Deceased Donor,Alabama,2026,346
Deceased Donor,Alabama,2025,427
Deceased Donor,Alabama,2024,421
Deceased Donor,Alabama,2023,382
Deceased Donor,Alabama,2022,400
Deceased Donor,Alabama,2021,410
Deceased Donor,Alabama,2020,444
Deceased Donor,Alabama,2019,401
Deceased Donor,Alabama,2018,378
Deceased Donor,Alabama,2017,404
Deceased Donor,Alabama,2016,338
Deceased Donor,Alabama,2015,318
Deceased Donor,Alabama,2014,306
Deceased Donor,Alabama,2013,294
Deceased Donor,Alabama,2012,289
Deceased Donor,Alabama,2011,316
Deceased Donor,Alabama,2010,345
Deceased Donor,Alabama,2009,279
Deceased Donor,Alabama,2008,328
Deceased Donor,Alabama,2007,339
Deceased Donor,Alabama,2006,325
Deceased Donor,Alabama,2005,317
Deceased Donor,Alabama,2004,246
Deceased Donor,Alabama,2003,319
Deceased Donor,Alabama,2002,292
Deceased Donor,Alabama,2001,317
Deceased Donor,Alabama,2000,412
Deceased Donor,Alabama,1999,327
Deceased Donor,Alabama,1998,364
Deceased Donor,Alabama,1997,336
Deceased Donor,Alabama,1996,365
Deceased Donor,Alabama,1995,369
Deceased Donor,Alabama,1994,319
Deceased Donor,Alabama,1993,312
Deceased Donor,Alabama,1992,242
Deceased Donor,Alabama,1991,249
Deceased Donor,Alabama,1990,271
Deceased Donor,Alabama,1989,217
Deceased Donor,Alabama,1988,183
Deceased Donor,Arizona,To Date,20207
Deceased Donor,Arizona,2026,798
Deceased Donor,Arizona,2025,1192
Deceased Donor,Arizona,2024,1217
Deceased Donor,Arizona,2023,1208
Deceased Donor,Arizona,2022,1133
Deceased Donor,Arizona,2021,1074
Deceased Donor,Arizona,2020,1064
Deceased Donor,Arizona,2019,1156
Deceased Donor,Arizona,2018,1039
Deceased Donor,Arizona,2017,979
Deceased Donor,Arizona,2016,974
Deceased Donor,Arizona,2015,717
Deceased Donor,Arizona,2014,577
Deceased Donor,Arizona,2013,604
Deceased Donor,Arizona,2012,492
Deceased Donor,Arizona,2011,545
Deceased Donor,Arizona,2010,429
Deceased Donor,Arizona,2009,372
Deceased Donor,Arizona,2008,430
Deceased Donor,Arizona,2007,420
Deceased Donor,Arizona,2006,334
Deceased Donor,Arizona,2005,336
Deceased Donor,Arizona,2004,255
Deceased Donor,Arizona,2003,209
Deceased Donor,Arizona,2002,228
Deceased Donor,Arizona,2001,203
Deceased Donor,Arizona,2000,199
Deceased Donor,Arizona,1999,188
Deceased Donor,Arizona,1998,200
Deceased Donor,Arizona,1997,152
Deceased Donor,Arizona,1996,174
Deceased Donor,Arizona,1995,168
Deceased Donor,Arizona,1994,191
Deceased Donor,Arizona,1993,179
Deceased Donor,Arizona,1992,133
Deceased Donor,Arizona,1991,145
Deceased Donor,Arizona,1990,145
Deceased Donor,Arizona,1989,174
Deceased Donor,Arizona,1988,174
Deceased Donor,Arkansas,To Date,4903
Deceased Donor,Arkansas,2026,141
Deceased Donor,Arkansas,2025,214
Deceased Donor,Arkansas,2024,211
Deceased Donor,Arkansas,2023,247
Deceased Donor,Arkansas,2022,217
Deceased Donor,Arkansas,2021,249
Deceased Donor,Arkansas,2020,196
Deceased Donor,Arkansas,2019,226
Deceased Donor,Arkansas,2018,164
Deceased Donor,Arkansas,2017,123
Deceased Donor,Arkansas,2016,152
Deceased Donor,Arkansas,2015,113
Deceased Donor,Arkansas,2014,113
Deceased Donor,Arkansas,2013,144
Deceased Donor,Arkansas,2012,139
Deceased Donor,Arkansas,2011,140
Deceased Donor,Arkansas,2010,144
Deceased Donor,Arkansas,2009,144
Deceased Donor,Arkansas,2008,142
Deceased Donor,Arkansas,2007,149
Deceased Donor,Arkansas,2006,152
Deceased Donor,Arkansas,2005,147
Deceased Donor,Arkansas,2004,116
Deceased Donor,Arkansas,2003,80
Deceased Donor,Arkansas,2002,83
Deceased Donor,Arkansas,2001,66
Deceased Donor,Arkansas,2000,65
Deceased Donor,Arkansas,1999,67
Deceased Donor,Arkansas,1998,64
Deceased Donor,Arkansas,1997,99
Deceased Donor,Arkansas,1996,80
Deceased Donor,Arkansas,1995,81
Deceased Donor,Arkansas,1994,83
Deceased Donor,Arkansas,1993,105
Deceased Donor,Arkansas,1992,73
Deceased Donor,Arkansas,1991,58
Deceased Donor,Arkansas,1990,52
Deceased Donor,Arkansas,1989,42
Deceased Donor,Arkansas,1988,22
Deceased Donor,California,To Date,104398
Deceased Donor,California,2026,3004
Deceased Donor,California,2025,4462
Deceased Donor,California,2024,4480
Deceased Donor,California,2023,4536
Deceased Donor,California,2022,4167
Deceased Donor,California,2021,4018
Deceased Donor,California,2020,3903
Deceased Donor,California,2019,3668
Deceased Donor,California,2018,3467
Deceased Donor,California,2017,3199
Deceased Donor,California,2016,3197
Deceased Donor,California,2015,2955
Deceased Donor,California,2014,2826
Deceased Donor,California,2013,2820
Deceased Donor,California,2012,2700
Deceased Donor,California,2011,2678
Deceased Donor,California,2010,2455
Deceased Donor,California,2009,2324
Deceased Donor,California,2008,2522
Deceased Donor,California,2007,2572
Deceased Donor,California,2006,2636
Deceased Donor,California,2005,2538
Deceased Donor,California,2004,2488
Deceased Donor,California,2003,2325
Deceased Donor,California,2002,2259
Deceased Donor,California,2001,2020
Deceased Donor,California,2000,1960
Deceased Donor,California,1999,1915
Deceased Donor,California,1998,2027
Deceased Donor,California,1997,2011
Deceased Donor,California,1996,1988
Deceased Donor,California,1995,1961
Deceased Donor,California,1994,1880
Deceased Donor,California,1993,1934
Deceased Donor,California,1992,1860
Deceased Donor,California,1991,1881
Deceased Donor,California,1990,1780
Deceased Donor,California,1989,1590
Deceased Donor,California,1988,1392
Deceased Donor,Colorado,To Date,12884
Deceased Donor,Colorado,2026,419
Deceased Donor,Colorado,2025,651
Deceased Donor,Colorado,2024,617
Deceased Donor,Colorado,2023,618
Deceased Donor,Colorado,2022,607
Deceased Donor,Colorado,2021,459
Deceased Donor,Colorado,2020,446
Deceased Donor,Colorado,2019,466
Deceased Donor,Colorado,2018,443
Deceased Donor,Colorado,2017,409
Deceased Donor,Colorado,2016,343
Deceased Donor,Colorado,2015,330
Deceased Donor,Colorado,2014,306
Deceased Donor,Colorado,2013,380
Deceased Donor,Colorado,2012,321
Deceased Donor,Colorado,2011,360
Deceased Donor,Colorado,2010,333
Deceased Donor,Colorado,2009,313
Deceased Donor,Colorado,2008,273
Deceased Donor,Colorado,2007,285
Deceased Donor,Colorado,2006,280
Deceased Donor,Colorado,2005,312
Deceased Donor,Colorado,2004,290
Deceased Donor,Colorado,2003,274
Deceased Donor,Colorado,2002,270
Deceased Donor,Colorado,2001,250
Deceased Donor,Colorado,2000,242
Deceased Donor,Colorado,1999,243
Deceased Donor,Colorado,1998,241
Deceased Donor,Colorado,1997,244
Deceased Donor,Colorado,1996,237
Deceased Donor,Colorado,1995,267
Deceased Donor,Colorado,1994,224
Deceased Donor,Colorado,1993,278
Deceased Donor,Colorado,1992,189
Deceased Donor,Colorado,1991,169
Deceased Donor,Colorado,1990,188
Deceased Donor,Colorado,1989,165
Deceased Donor,Colorado,1988,142
Deceased Donor,Connecticut,To Date,6615
Deceased Donor,Connecticut,2026,177
Deceased Donor,Connecticut,2025,267
Deceased Donor,Connecticut,2024,237
Deceased Donor,Connecticut,2023,304
Deceased Donor,Connecticut,2022,298
Deceased Donor,Connecticut,2021,288
Deceased Donor,Connecticut,2020,299
Deceased Donor,Connecticut,2019,274
Deceased Donor,Connecticut,2018,272
Deceased Donor,Connecticut,2017,184
Deceased Donor,Connecticut,2016,209
Deceased Donor,Connecticut,2015,149
Deceased Donor,Connecticut,2014,167
Deceased Donor,Connecticut,2013,150
Deceased Donor,Connecticut,2012,160
Deceased Donor,Connecticut,2011,163
Deceased Donor,Connecticut,2010,188
Deceased Donor,Connecticut,2009,146
Deceased Donor,Connecticut,2008,182
Deceased Donor,Connecticut,2007,120
Deceased Donor,Connecticut,2006,124
Deceased Donor,Connecticut,2005,137
Deceased Donor,Connecticut,2004,128
Deceased Donor,Connecticut,2003,114
Deceased Donor,Connecticut,2002,138
Deceased Donor,Connecticut,2001,129
Deceased Donor,Connecticut,2000,122
Deceased Donor,Connecticut,1999,127
Deceased Donor,Connecticut,1998,120
Deceased Donor,Connecticut,1997,133
Deceased Donor,Connecticut,1996,134
Deceased Donor,Connecticut,1995,133
Deceased Donor,Connecticut,1994,113
Deceased Donor,Connecticut,1993,133
Deceased Donor,Connecticut,1992,101
Deceased Donor,Connecticut,1991,129
Deceased Donor,Connecticut,1990,121
Deceased Donor,Connecticut,1989,127
Deceased Donor,Connecticut,1988,118
Deceased Donor,Delaware,To Date,732
Deceased Donor,Delaware,2026,36
Deceased Donor,Delaware,2025,54
Deceased Donor,Delaware,2024,48
Deceased Donor,Delaware,2023,42
Deceased Donor,Delaware,2022,33
Deceased Donor,Delaware,2021,33
Deceased Donor,Delaware,2020,26
Deceased Donor,Delaware,2019,29
Deceased Donor,Delaware,2018,34
Deceased Donor,Delaware,2017,28
Deceased Donor,Delaware,2016,29
Deceased Donor,Delaware,2015,30
Deceased Donor,Delaware,2014,37
Deceased Donor,Delaware,2013,50
Deceased Donor,Delaware,2012,37
Deceased Donor,Delaware,2011,34
Deceased Donor,Delaware,2010,26
Deceased Donor,Delaware,2009,18
Deceased Donor,Delaware,2008,20
Deceased Donor,Delaware,2007,19
Deceased Donor,Delaware,2006,10
Deceased Donor,Delaware,2005,11
Deceased Donor,Delaware,2004,7
Deceased Donor,Delaware,2003,11
Deceased Donor,Delaware,2002,12
Deceased Donor,Delaware,2001,8
Deceased Donor,Delaware,2000,5
Deceased Donor,Delaware,1999,0
Deceased Donor,Delaware,1998,0
Deceased Donor,Delaware,1997,3
Deceased Donor,Delaware,1996,1
Deceased Donor,Delaware,1995,1
Deceased Donor,Delaware,1994,0
Deceased Donor,Delaware,1993,0
Deceased Donor,Delaware,1992,0
Deceased Donor,Delaware,1991,0
Deceased Donor,Delaware,1990,0
Deceased Donor,Delaware,1989,0
Deceased Donor,Delaware,1988,0
Deceased Donor,District of Columbia,To Date,10629
Deceased Donor,District of Columbia,2026,415
Deceased Donor,District of Columbia,2025,632
Deceased Donor,District of Columbia,2024,625
Deceased Donor,District of Columbia,2023,505
Deceased Donor,District of Columbia,2022,438
Deceased Donor,District of Columbia,2021,426
Deceased Donor,District of Columbia,2020,478
Deceased Donor,District of Columbia,2019,437
Deceased Donor,District of Columbia,2018,380
Deceased Donor,District of Columbia,2017,395
Deceased Donor,District of Columbia,2016,414
Deceased Donor,District of Columbia,2015,308
Deceased Donor,District of Columbia,2014,285
Deceased Donor,District of Columbia,2013,283
Deceased Donor,District of Columbia,2012,272
Deceased Donor,District of Columbia,2011,264
Deceased Donor,District of Columbia,2010,240
Deceased Donor,District of Columbia,2009,276
Deceased Donor,District of Columbia,2008,228
Deceased Donor,District of Columbia,2007,191
Deceased Donor,District of Columbia,2006,252
Deceased Donor,District of Columbia,2005,223
Deceased Donor,District of Columbia,2004,192
Deceased Donor,District of Columbia,2003,147
Deceased Donor,District of Columbia,2002,146
Deceased Donor,District of Columbia,2001,135
Deceased Donor,District of Columbia,2000,117
Deceased Donor,District of Columbia,1999,131
Deceased Donor,District of Columbia,1998,148
Deceased Donor,District of Columbia,1997,131
Deceased Donor,District of Columbia,1996,136
Deceased Donor,District of Columbia,1995,153
Deceased Donor,District of Columbia,1994,161
Deceased Donor,District of Columbia,1993,147
Deceased Donor,District of Columbia,1992,182
Deceased Donor,District of Columbia,1991,194
Deceased Donor,District of Columbia,1990,162
Deceased Donor,District of Columbia,1989,178
Deceased Donor,District of Columbia,1988,202
Deceased Donor,Florida,To Date,60798
Deceased Donor,Florida,2026,2034
Deceased Donor,Florida,2025,3059
Deceased Donor,Florida,2024,2879
Deceased Donor,Florida,2023,2957
Deceased Donor,Florida,2022,2778
Deceased Donor,Florida,2021,2564
Deceased Donor,Florida,2020,2648
Deceased Donor,Florida,2019,2404
Deceased Donor,Florida,2018,2177
Deceased Donor,Florida,2017,1945
Deceased Donor,Florida,2016,1929
Deceased Donor,Florida,2015,1816
Deceased Donor,Florida,2014,1578
Deceased Donor,Florida,2013,1448
Deceased Donor,Florida,2012,1512
Deceased Donor,Florida,2011,1680
Deceased Donor,Florida,2010,1659
Deceased Donor,Florida,2009,1598
Deceased Donor,Florida,2008,1716
Deceased Donor,Florida,2007,1691
Deceased Donor,Florida,2006,1566
Deceased Donor,Florida,2005,1628
Deceased Donor,Florida,2004,1492
Deceased Donor,Florida,2003,1357
Deceased Donor,Florida,2002,1338
Deceased Donor,Florida,2001,1452
Deceased Donor,Florida,2000,1202
Deceased Donor,Florida,1999,1157
Deceased Donor,Florida,1998,1110
Deceased Donor,Florida,1997,1060
Deceased Donor,Florida,1996,894
Deceased Donor,Florida,1995,902
Deceased Donor,Florida,1994,667
Deceased Donor,Florida,1993,557
Deceased Donor,Florida,1992,551
Deceased Donor,Florida,1991,511
Deceased Donor,Florida,1990,474
Deceased Donor,Florida,1989,420
Deceased Donor,Florida,1988,388
Deceased Donor,Georgia,To Date,23048
Deceased Donor,Georgia,2026,1067
Deceased Donor,Georgia,2025,1393
Deceased Donor,Georgia,2024,1243
Deceased Donor,Georgia,2023,1098
Deceased Donor,Georgia,2022,1065
Deceased Donor,Georgia,2021,1063
Deceased Donor,Georgia,2020,886
Deceased Donor,Georgia,2019,822
Deceased Donor,Georgia,2018,766
Deceased Donor,Georgia,2017,677
Deceased Donor,Georgia,2016,747
Deceased Donor,Georgia,2015,699
Deceased Donor,Georgia,2014,641
Deceased Donor,Georgia,2013,665
Deceased Donor,Georgia,2012,656
Deceased Donor,Georgia,2011,594
Deceased Donor,Georgia,2010,621
Deceased Donor,Georgia,2009,564
Deceased Donor,Georgia,2008,504
Deceased Donor,Georgia,2007,522
Deceased Donor,Georgia,2006,514
Deceased Donor,Georgia,2005,446
Deceased Donor,Georgia,2004,445
Deceased Donor,Georgia,2003,385
Deceased Donor,Georgia,2002,366
Deceased Donor,Georgia,2001,416
Deceased Donor,Georgia,2000,372
Deceased Donor,Georgia,1999,356
Deceased Donor,Georgia,1998,395
Deceased Donor,Georgia,1997,384
Deceased Donor,Georgia,1996,291
Deceased Donor,Georgia,1995,323
Deceased Donor,Georgia,1994,338
Deceased Donor,Georgia,1993,347
Deceased Donor,Georgia,1992,273
Deceased Donor,Georgia,1991,243
Deceased Donor,Georgia,1990,298
Deceased Donor,Georgia,1989,246
Deceased Donor,Georgia,1988,317
Deceased Donor,Hawaii,To Date,1847
Deceased Donor,Hawaii,2026,31
Deceased Donor,Hawaii,2025,112
Deceased Donor,Hawaii,2024,87
Deceased Donor,Hawaii,2023,59
Deceased Donor,Hawaii,2022,80
Deceased Donor,Hawaii,2021,59
Deceased Donor,Hawaii,2020,56
Deceased Donor,Hawaii,2019,51
Deceased Donor,Hawaii,2018,59
Deceased Donor,Hawaii,2017,59
Deceased Donor,Hawaii,2016,57
Deceased Donor,Hawaii,2015,56
Deceased Donor,Hawaii,2014,65
Deceased Donor,Hawaii,2013,46
Deceased Donor,Hawaii,2012,24
Deceased Donor,Hawaii,2011,50
Deceased Donor,Hawaii,2010,56
Deceased Donor,Hawaii,2009,49
Deceased Donor,Hawaii,2008,54
Deceased Donor,Hawaii,2007,46
Deceased Donor,Hawaii,2006,52
Deceased Donor,Hawaii,2005,53
Deceased Donor,Hawaii,2004,43
Deceased Donor,Hawaii,2003,54
Deceased Donor,Hawaii,2002,54
Deceased Donor,Hawaii,2001,45
Deceased Donor,Hawaii,2000,46
Deceased Donor,Hawaii,1999,51
Deceased Donor,Hawaii,1998,34
Deceased Donor,Hawaii,1997,36
Deceased Donor,Hawaii,1996,30
Deceased Donor,Hawaii,1995,11
Deceased Donor,Hawaii,1994,27
Deceased Donor,Hawaii,1993,22
Deceased Donor,Hawaii,1992,39
Deceased Donor,Hawaii,1991,25
Deceased Donor,Hawaii,1990,25
Deceased Donor,Hawaii,1989,29
Deceased Donor,Hawaii,1988,15
Deceased Donor,Illinois,To Date,36291
Deceased Donor,Illinois,2026,1248
Deceased Donor,Illinois,2025,1918
Deceased Donor,Illinois,2024,2034
Deceased Donor,Illinois,2023,1942
Deceased Donor,Illinois,2022,1727
Deceased Donor,Illinois,2021,1619
Deceased Donor,Illinois,2020,1250
Deceased Donor,Illinois,2019,1246
Deceased Donor,Illinois,2018,1139
Deceased Donor,Illinois,2017,1014
Deceased Donor,Illinois,2016,931
Deceased Donor,Illinois,2015,756
Deceased Donor,Illinois,2014,824
Deceased Donor,Illinois,2013,807
Deceased Donor,Illinois,2012,731
Deceased Donor,Illinois,2011,837
Deceased Donor,Illinois,2010,762
Deceased Donor,Illinois,2009,853
Deceased Donor,Illinois,2008,869
Deceased Donor,Illinois,2007,798
Deceased Donor,Illinois,2006,905
Deceased Donor,Illinois,2005,898
Deceased Donor,Illinois,2004,890
Deceased Donor,Illinois,2003,838
Deceased Donor,Illinois,2002,750
Deceased Donor,Illinois,2001,649
Deceased Donor,Illinois,2000,732
Deceased Donor,Illinois,1999,741
Deceased Donor,Illinois,1998,676
Deceased Donor,Illinois,1997,717
Deceased Donor,Illinois,1996,781
Deceased Donor,Illinois,1995,780
Deceased Donor,Illinois,1994,665
Deceased Donor,Illinois,1993,550
Deceased Donor,Illinois,1992,509
Deceased Donor,Illinois,1991,489
Deceased Donor,Illinois,1990,486
Deceased Donor,Illinois,1989,448
Deceased Donor,Illinois,1988,482
Deceased Donor,Indiana,To Date,15632
Deceased Donor,Indiana,2026,324
Deceased Donor,Indiana,2025,516
Deceased Donor,Indiana,2024,577
Deceased Donor,Indiana,2023,557
Deceased Donor,Indiana,2022,519
Deceased Donor,Indiana,2021,572
Deceased Donor,Indiana,2020,575
Deceased Donor,Indiana,2019,533
Deceased Donor,Indiana,2018,498
Deceased Donor,Indiana,2017,492
Deceased Donor,Indiana,2016,521
Deceased Donor,Indiana,2015,497
Deceased Donor,Indiana,2014,521
Deceased Donor,Indiana,2013,466
Deceased Donor,Indiana,2012,523
Deceased Donor,Indiana,2011,453
Deceased Donor,Indiana,2010,464
Deceased Donor,Indiana,2009,431
Deceased Donor,Indiana,2008,430
Deceased Donor,Indiana,2007,470
Deceased Donor,Indiana,2006,417
Deceased Donor,Indiana,2005,545
Deceased Donor,Indiana,2004,474
Deceased Donor,Indiana,2003,468
Deceased Donor,Indiana,2002,377
Deceased Donor,Indiana,2001,283
Deceased Donor,Indiana,2000,242
Deceased Donor,Indiana,1999,213
Deceased Donor,Indiana,1998,256
Deceased Donor,Indiana,1997,227
Deceased Donor,Indiana,1996,257
Deceased Donor,Indiana,1995,246
Deceased Donor,Indiana,1994,286
Deceased Donor,Indiana,1993,256
Deceased Donor,Indiana,1992,248
Deceased Donor,Indiana,1991,244
Deceased Donor,Indiana,1990,235
Deceased Donor,Indiana,1989,207
Deceased Donor,Indiana,1988,212
Deceased Donor,Iowa,To Date,6290
Deceased Donor,Iowa,2026,83
Deceased Donor,Iowa,2025,144
Deceased Donor,Iowa,2024,164
Deceased Donor,Iowa,2023,187
Deceased Donor,Iowa,2022,200
Deceased Donor,Iowa,2021,224
Deceased Donor,Iowa,2020,291
Deceased Donor,Iowa,2019,252
Deceased Donor,Iowa,2018,244
Deceased Donor,Iowa,2017,222
Deceased Donor,Iowa,2016,200
Deceased Donor,Iowa,2015,191
Deceased Donor,Iowa,2014,215
Deceased Donor,Iowa,2013,221
Deceased Donor,Iowa,2012,167
Deceased Donor,Iowa,2011,189
Deceased Donor,Iowa,2010,195
Deceased Donor,Iowa,2009,160
Deceased Donor,Iowa,2008,135
Deceased Donor,Iowa,2007,124
Deceased Donor,Iowa,2006,118
Deceased Donor,Iowa,2005,123
Deceased Donor,Iowa,2004,89
Deceased Donor,Iowa,2003,133
Deceased Donor,Iowa,2002,162
Deceased Donor,Iowa,2001,140
Deceased Donor,Iowa,2000,146
Deceased Donor,Iowa,1999,140
Deceased Donor,Iowa,1998,137
Deceased Donor,Iowa,1997,144
Deceased Donor,Iowa,1996,138
Deceased Donor,Iowa,1995,114
Deceased Donor,Iowa,1994,190
Deceased Donor,Iowa,1993,162
Deceased Donor,Iowa,1992,114
Deceased Donor,Iowa,1991,118
Deceased Donor,Iowa,1990,109
Deceased Donor,Iowa,1989,93
Deceased Donor,Iowa,1988,112
Deceased Donor,Kansas,To Date,6296
Deceased Donor,Kansas,2026,163
Deceased Donor,Kansas,2025,238
Deceased Donor,Kansas,2024,277
Deceased Donor,Kansas,2023,219
Deceased Donor,Kansas,2022,263
Deceased Donor,Kansas,2021,255
Deceased Donor,Kansas,2020,271
Deceased Donor,Kansas,2019,236
Deceased Donor,Kansas,2018,195
Deceased Donor,Kansas,2017,199
Deceased Donor,Kansas,2016,211
Deceased Donor,Kansas,2015,203
Deceased Donor,Kansas,2014,216
Deceased Donor,Kansas,2013,212
Deceased Donor,Kansas,2012,173
Deceased Donor,Kansas,2011,217
Deceased Donor,Kansas,2010,182
Deceased Donor,Kansas,2009,220
Deceased Donor,Kansas,2008,203
Deceased Donor,Kansas,2007,173
Deceased Donor,Kansas,2006,146
Deceased Donor,Kansas,2005,130
Deceased Donor,Kansas,2004,118
Deceased Donor,Kansas,2003,105
Deceased Donor,Kansas,2002,117
Deceased Donor,Kansas,2001,111
Deceased Donor,Kansas,2000,121
Deceased Donor,Kansas,1999,125
Deceased Donor,Kansas,1998,107
Deceased Donor,Kansas,1997,96
Deceased Donor,Kansas,1996,90
Deceased Donor,Kansas,1995,104
Deceased Donor,Kansas,1994,91
Deceased Donor,Kansas,1993,92
Deceased Donor,Kansas,1992,87
Deceased Donor,Kansas,1991,103
Deceased Donor,Kansas,1990,87
Deceased Donor,Kansas,1989,63
Deceased Donor,Kansas,1988,77
Deceased Donor,Kentucky,To Date,9641
Deceased Donor,Kentucky,2026,222
Deceased Donor,Kentucky,2025,333
Deceased Donor,Kentucky,2024,313
Deceased Donor,Kentucky,2023,329
Deceased Donor,Kentucky,2022,297
Deceased Donor,Kentucky,2021,280
Deceased Donor,Kentucky,2020,306
Deceased Donor,Kentucky,2019,285
Deceased Donor,Kentucky,2018,326
Deceased Donor,Kentucky,2017,333
Deceased Donor,Kentucky,2016,294
Deceased Donor,Kentucky,2015,264
Deceased Donor,Kentucky,2014,262
Deceased Donor,Kentucky,2013,290
Deceased Donor,Kentucky,2012,279
Deceased Donor,Kentucky,2011,250
Deceased Donor,Kentucky,2010,290
Deceased Donor,Kentucky,2009,249
Deceased Donor,Kentucky,2008,247
Deceased Donor,Kentucky,2007,241
Deceased Donor,Kentucky,2006,260
Deceased Donor,Kentucky,2005,270
Deceased Donor,Kentucky,2004,239
Deceased Donor,Kentucky,2003,239
Deceased Donor,Kentucky,2002,258
Deceased Donor,Kentucky,2001,210
Deceased Donor,Kentucky,2000,224
Deceased Donor,Kentucky,1999,224
Deceased Donor,Kentucky,1998,249
Deceased Donor,Kentucky,1997,227
Deceased Donor,Kentucky,1996,239
Deceased Donor,Kentucky,1995,238
Deceased Donor,Kentucky,1994,222
Deceased Donor,Kentucky,1993,214
Deceased Donor,Kentucky,1992,154
Deceased Donor,Kentucky,1991,184
Deceased Donor,Kentucky,1990,120
Deceased Donor,Kentucky,1989,93
Deceased Donor,Kentucky,1988,87
Deceased Donor,Louisiana,To Date,15699
Deceased Donor,Louisiana,2026,399
Deceased Donor,Louisiana,2025,603
Deceased Donor,Louisiana,2024,524
Deceased Donor,Louisiana,2023,486
Deceased Donor,Louisiana,2022,514
Deceased Donor,Louisiana,2021,519
Deceased Donor,Louisiana,2020,538
Deceased Donor,Louisiana,2019,601
Deceased Donor,Louisiana,2018,506
Deceased Donor,Louisiana,2017,529
Deceased Donor,Louisiana,2016,501
Deceased Donor,Louisiana,2015,553
Deceased Donor,Louisiana,2014,505
Deceased Donor,Louisiana,2013,452
Deceased Donor,Louisiana,2012,462
Deceased Donor,Louisiana,2011,412
Deceased Donor,Louisiana,2010,454
Deceased Donor,Louisiana,2009,425
Deceased Donor,Louisiana,2008,382
Deceased Donor,Louisiana,2007,403
Deceased Donor,Louisiana,2006,353
Deceased Donor,Louisiana,2005,405
Deceased Donor,Louisiana,2004,459
Deceased Donor,Louisiana,2003,455
Deceased Donor,Louisiana,2002,406
Deceased Donor,Louisiana,2001,391
Deceased Donor,Louisiana,2000,362
Deceased Donor,Louisiana,1999,325
Deceased Donor,Louisiana,1998,301
Deceased Donor,Louisiana,1997,278
Deceased Donor,Louisiana,1996,292
Deceased Donor,Louisiana,1995,334
Deceased Donor,Louisiana,1994,326
Deceased Donor,Louisiana,1993,253
Deceased Donor,Louisiana,1992,264
Deceased Donor,Louisiana,1991,248
Deceased Donor,Louisiana,1990,205
Deceased Donor,Louisiana,1989,134
Deceased Donor,Louisiana,1988,140
Deceased Donor,Maine,To Date,1046
Deceased Donor,Maine,2026,19
Deceased Donor,Maine,2025,20
Deceased Donor,Maine,2024,21
Deceased Donor,Maine,2023,21
Deceased Donor,Maine,2022,23
Deceased Donor,Maine,2021,27
Deceased Donor,Maine,2020,14
Deceased Donor,Maine,2019,20
Deceased Donor,Maine,2018,16
Deceased Donor,Maine,2017,24
Deceased Donor,Maine,2016,14
Deceased Donor,Maine,2015,17
Deceased Donor,Maine,2014,28
Deceased Donor,Maine,2013,19
Deceased Donor,Maine,2012,27
Deceased Donor,Maine,2011,19
Deceased Donor,Maine,2010,22
Deceased Donor,Maine,2009,37
Deceased Donor,Maine,2008,23
Deceased Donor,Maine,2007,36
Deceased Donor,Maine,2006,49
Deceased Donor,Maine,2005,34
Deceased Donor,Maine,2004,40
Deceased Donor,Maine,2003,39
Deceased Donor,Maine,2002,32
Deceased Donor,Maine,2001,44
Deceased Donor,Maine,2000,31
Deceased Donor,Maine,1999,33
Deceased Donor,Maine,1998,37
Deceased Donor,Maine,1997,15
Deceased Donor,Maine,1996,17
Deceased Donor,Maine,1995,21
Deceased Donor,Maine,1994,37
Deceased Donor,Maine,1993,25
Deceased Donor,Maine,1992,24
Deceased Donor,Maine,1991,38
Deceased Donor,Maine,1990,30
Deceased Donor,Maine,1989,30
Deceased Donor,Maine,1988,23
Deceased Donor,Maryland,To Date,18111
Deceased Donor,Maryland,2026,402
Deceased Donor,Maryland,2025,609
Deceased Donor,Maryland,2024,633
Deceased Donor,Maryland,2023,609
Deceased Donor,Maryland,2022,616
Deceased Donor,Maryland,2021,678
Deceased Donor,Maryland,2020,602
Deceased Donor,Maryland,2019,624
Deceased Donor,Maryland,2018,672
Deceased Donor,Maryland,2017,710
Deceased Donor,Maryland,2016,716
Deceased Donor,Maryland,2015,699
Deceased Donor,Maryland,2014,616
Deceased Donor,Maryland,2013,566
Deceased Donor,Maryland,2012,552
Deceased Donor,Maryland,2011,519
Deceased Donor,Maryland,2010,476
Deceased Donor,Maryland,2009,558
Deceased Donor,Maryland,2008,443
Deceased Donor,Maryland,2007,510
Deceased Donor,Maryland,2006,486
Deceased Donor,Maryland,2005,431
Deceased Donor,Maryland,2004,366
Deceased Donor,Maryland,2003,297
Deceased Donor,Maryland,2002,428
Deceased Donor,Maryland,2001,508
Deceased Donor,Maryland,2000,547
Deceased Donor,Maryland,1999,506
Deceased Donor,Maryland,1998,384
Deceased Donor,Maryland,1997,324
Deceased Donor,Maryland,1996,396
Deceased Donor,Maryland,1995,340
Deceased Donor,Maryland,1994,267
Deceased Donor,Maryland,1993,253
Deceased Donor,Maryland,1992,211
Deceased Donor,Maryland,1991,165
Deceased Donor,Maryland,1990,136
Deceased Donor,Maryland,1989,129
Deceased Donor,Maryland,1988,127
Deceased Donor,Massachusetts,To Date,23358
Deceased Donor,Massachusetts,2026,858
Deceased Donor,Massachusetts,2025,1400
Deceased Donor,Massachusetts,2024,1273
Deceased Donor,Massachusetts,2023,1082
Deceased Donor,Massachusetts,2022,939
Deceased Donor,Massachusetts,2021,771
Deceased Donor,Massachusetts,2020,754
Deceased Donor,Massachusetts,2019,840
Deceased Donor,Massachusetts,2018,787
Deceased Donor,Massachusetts,2017,813
Deceased Donor,Massachusetts,2016,838
Deceased Donor,Massachusetts,2015,580
Deceased Donor,Massachusetts,2014,601
Deceased Donor,Massachusetts,2013,559
Deceased Donor,Massachusetts,2012,501
Deceased Donor,Massachusetts,2011,558
Deceased Donor,Massachusetts,2010,548
Deceased Donor,Massachusetts,2009,557
Deceased Donor,Massachusetts,2008,477
Deceased Donor,Massachusetts,2007,489
Deceased Donor,Massachusetts,2006,522
Deceased Donor,Massachusetts,2005,499
Deceased Donor,Massachusetts,2004,463
Deceased Donor,Massachusetts,2003,439
Deceased Donor,Massachusetts,2002,407
Deceased Donor,Massachusetts,2001,444
Deceased Donor,Massachusetts,2000,424
Deceased Donor,Massachusetts,1999,378
Deceased Donor,Massachusetts,1998,390
Deceased Donor,Massachusetts,1997,433
Deceased Donor,Massachusetts,1996,434
Deceased Donor,Massachusetts,1995,389
Deceased Donor,Massachusetts,1994,395
Deceased Donor,Massachusetts,1993,418
Deceased Donor,Massachusetts,1992,423
Deceased Donor,Massachusetts,1991,460
Deceased Donor,Massachusetts,1990,434
Deceased Donor,Massachusetts,1989,419
Deceased Donor,Massachusetts,1988,362
Deceased Donor,Michigan,To Date,24525
Deceased Donor,Michigan,2026,780
Deceased Donor,Michigan,2025,1073
Deceased Donor,Michigan,2024,995
Deceased Donor,Michigan,2023,997
Deceased Donor,Michigan,2022,851
Deceased Donor,Michigan,2021,791
Deceased Donor,Michigan,2020,776
Deceased Donor,Michigan,2019,832
Deceased Donor,Michigan,2018,818
Deceased Donor,Michigan,2017,743
Deceased Donor,Michigan,2016,781
Deceased Donor,Michigan,2015,707
Deceased Donor,Michigan,2014,666
Deceased Donor,Michigan,2013,700
Deceased Donor,Michigan,2012,651
Deceased Donor,Michigan,2011,631
Deceased Donor,Michigan,2010,634
Deceased Donor,Michigan,2009,711
Deceased Donor,Michigan,2008,692
Deceased Donor,Michigan,2007,636
Deceased Donor,Michigan,2006,679
Deceased Donor,Michigan,2005,611
Deceased Donor,Michigan,2004,635
Deceased Donor,Michigan,2003,501
Deceased Donor,Michigan,2002,536
Deceased Donor,Michigan,2001,525
Deceased Donor,Michigan,2000,471
Deceased Donor,Michigan,1999,461
Deceased Donor,Michigan,1998,502
Deceased Donor,Michigan,1997,411
Deceased Donor,Michigan,1996,420
Deceased Donor,Michigan,1995,467
Deceased Donor,Michigan,1994,456
Deceased Donor,Michigan,1993,414
Deceased Donor,Michigan,1992,421
Deceased Donor,Michigan,1991,432
Deceased Donor,Michigan,1990,395
Deceased Donor,Michigan,1989,379
Deceased Donor,Michigan,1988,344
Deceased Donor,Minnesota,To Date,21166
Deceased Donor,Minnesota,2026,614
Deceased Donor,Minnesota,2025,888
Deceased Donor,Minnesota,2024,880
Deceased Donor,Minnesota,2023,866
Deceased Donor,Minnesota,2022,808
Deceased Donor,Minnesota,2021,717
Deceased Donor,Minnesota,2020,599
Deceased Donor,Minnesota,2019,604
Deceased Donor,Minnesota,2018,504
Deceased Donor,Minnesota,2017,607
Deceased Donor,Minnesota,2016,590
Deceased Donor,Minnesota,2015,553
Deceased Donor,Minnesota,2014,488
Deceased Donor,Minnesota,2013,460
Deceased Donor,Minnesota,2012,467
Deceased Donor,Minnesota,2011,468
Deceased Donor,Minnesota,2010,452
Deceased Donor,Minnesota,2009,501
Deceased Donor,Minnesota,2008,468
Deceased Donor,Minnesota,2007,483
Deceased Donor,Minnesota,2006,534
Deceased Donor,Minnesota,2005,542
Deceased Donor,Minnesota,2004,542
Deceased Donor,Minnesota,2003,518
Deceased Donor,Minnesota,2002,502
Deceased Donor,Minnesota,2001,539
Deceased Donor,Minnesota,2000,608
Deceased Donor,Minnesota,1999,545
Deceased Donor,Minnesota,1998,521
Deceased Donor,Minnesota,1997,472
Deceased Donor,Minnesota,1996,447
Deceased Donor,Minnesota,1995,464
Deceased Donor,Minnesota,1994,452
Deceased Donor,Minnesota,1993,437
Deceased Donor,Minnesota,1992,464
Deceased Donor,Minnesota,1991,389
Deceased Donor,Minnesota,1990,401
Deceased Donor,Minnesota,1989,372
Deceased Donor,Minnesota,1988,400
Deceased Donor,Mississippi,To Date,3512
Deceased Donor,Mississippi,2026,134
Deceased Donor,Mississippi,2025,167
Deceased Donor,Mississippi,2024,195
Deceased Donor,Mississippi,2023,195
Deceased Donor,Mississippi,2022,171
Deceased Donor,Mississippi,2021,192
Deceased Donor,Mississippi,2020,161
Deceased Donor,Mississippi,2019,191
Deceased Donor,Mississippi,2018,183
Deceased Donor,Mississippi,2017,171
Deceased Donor,Mississippi,2016,196
Deceased Donor,Mississippi,2015,124
Deceased Donor,Mississippi,2014,119
Deceased Donor,Mississippi,2013,122
Deceased Donor,Mississippi,2012,115
Deceased Donor,Mississippi,2011,84
Deceased Donor,Mississippi,2010,59
Deceased Donor,Mississippi,2009,81
Deceased Donor,Mississippi,2008,93
Deceased Donor,Mississippi,2007,108
Deceased Donor,Mississippi,2006,16
Deceased Donor,Mississippi,2005,22
Deceased Donor,Mississippi,2004,33
Deceased Donor,Mississippi,2003,39
Deceased Donor,Mississippi,2002,39
Deceased Donor,Mississippi,2001,36
Deceased Donor,Mississippi,2000,36
Deceased Donor,Mississippi,1999,43
Deceased Donor,Mississippi,1998,56
Deceased Donor,Mississippi,1997,27
Deceased Donor,Mississippi,1996,47
Deceased Donor,Mississippi,1995,42
Deceased Donor,Mississippi,1994,55
Deceased Donor,Mississippi,1993,35
Deceased Donor,Mississippi,1992,17
Deceased Donor,Mississippi,1991,26
Deceased Donor,Mississippi,1990,30
Deceased Donor,Mississippi,1989,18
Deceased Donor,Mississippi,1988,34
Deceased Donor,Missouri,To Date,23163
Deceased Donor,Missouri,2026,637
Deceased Donor,Missouri,2025,918
Deceased Donor,Missouri,2024,919
Deceased Donor,Missouri,2023,870
Deceased Donor,Missouri,2022,876
Deceased Donor,Missouri,2021,857
Deceased Donor,Missouri,2020,873
Deceased Donor,Missouri,2019,926
Deceased Donor,Missouri,2018,778
Deceased Donor,Missouri,2017,803
Deceased Donor,Missouri,2016,688
Deceased Donor,Missouri,2015,637
Deceased Donor,Missouri,2014,624
Deceased Donor,Missouri,2013,621
Deceased Donor,Missouri,2012,643
Deceased Donor,Missouri,2011,656
Deceased Donor,Missouri,2010,614
Deceased Donor,Missouri,2009,641
Deceased Donor,Missouri,2008,597
Deceased Donor,Missouri,2007,594
Deceased Donor,Missouri,2006,640
Deceased Donor,Missouri,2005,527
Deceased Donor,Missouri,2004,464
Deceased Donor,Missouri,2003,380
Deceased Donor,Missouri,2002,402
Deceased Donor,Missouri,2001,406
Deceased Donor,Missouri,2000,450
Deceased Donor,Missouri,1999,464
Deceased Donor,Missouri,1998,521
Deceased Donor,Missouri,1997,482
Deceased Donor,Missouri,1996,449
Deceased Donor,Missouri,1995,478
Deceased Donor,Missouri,1994,524
Deceased Donor,Missouri,1993,462
Deceased Donor,Missouri,1992,379
Deceased Donor,Missouri,1991,383
Deceased Donor,Missouri,1990,322
Deceased Donor,Missouri,1989,349
Deceased Donor,Missouri,1988,309
Deceased Donor,Nebraska,To Date,9531
Deceased Donor,Nebraska,2026,295
Deceased Donor,Nebraska,2025,356
Deceased Donor,Nebraska,2024,351
Deceased Donor,Nebraska,2023,329
Deceased Donor,Nebraska,2022,269
Deceased Donor,Nebraska,2021,298
Deceased Donor,Nebraska,2020,317
Deceased Donor,Nebraska,2019,288
Deceased Donor,Nebraska,2018,261
Deceased Donor,Nebraska,2017,284
Deceased Donor,Nebraska,2016,261
Deceased Donor,Nebraska,2015,269
Deceased Donor,Nebraska,2014,291
Deceased Donor,Nebraska,2013,316
Deceased Donor,Nebraska,2012,266
Deceased Donor,Nebraska,2011,220
Deceased Donor,Nebraska,2010,242
Deceased Donor,Nebraska,2009,257
Deceased Donor,Nebraska,2008,236
Deceased Donor,Nebraska,2007,272
Deceased Donor,Nebraska,2006,259
Deceased Donor,Nebraska,2005,197
Deceased Donor,Nebraska,2004,204
Deceased Donor,Nebraska,2003,163
Deceased Donor,Nebraska,2002,172
Deceased Donor,Nebraska,2001,194
Deceased Donor,Nebraska,2000,213
Deceased Donor,Nebraska,1999,162
Deceased Donor,Nebraska,1998,212
Deceased Donor,Nebraska,1997,195
Deceased Donor,Nebraska,1996,197
Deceased Donor,Nebraska,1995,192
Deceased Donor,Nebraska,1994,224
Deceased Donor,Nebraska,1993,222
Deceased Donor,Nebraska,1992,221
Deceased Donor,Nebraska,1991,229
Deceased Donor,Nebraska,1990,209
Deceased Donor,Nebraska,1989,198
Deceased Donor,Nebraska,1988,190
Deceased Donor,Nevada,To Date,2316
Deceased Donor,Nevada,2026,104
Deceased Donor,Nevada,2025,179
Deceased Donor,Nevada,2024,181
Deceased Donor,Nevada,2023,172
Deceased Donor,Nevada,2022,134
Deceased Donor,Nevada,2021,132
Deceased Donor,Nevada,2020,87
Deceased Donor,Nevada,2019,40
Deceased Donor,Nevada,2018,40
Deceased Donor,Nevada,2017,57
Deceased Donor,Nevada,2016,57
Deceased Donor,Nevada,2015,71
Deceased Donor,Nevada,2014,56
Deceased Donor,Nevada,2013,58
Deceased Donor,Nevada,2012,57
Deceased Donor,Nevada,2011,40
Deceased Donor,Nevada,2010,44
Deceased Donor,Nevada,2009,41
Deceased Donor,Nevada,2008,39
Deceased Donor,Nevada,2007,53
Deceased Donor,Nevada,2006,56
Deceased Donor,Nevada,2005,46
Deceased Donor,Nevada,2004,52
Deceased Donor,Nevada,2003,42
Deceased Donor,Nevada,2002,50
Deceased Donor,Nevada,2001,46
Deceased Donor,Nevada,2000,43
Deceased Donor,Nevada,1999,37
Deceased Donor,Nevada,1998,46
Deceased Donor,Nevada,1997,51
Deceased Donor,Nevada,1996,34
Deceased Donor,Nevada,1995,19
Deceased Donor,Nevada,1994,27
Deceased Donor,Nevada,1993,44
Deceased Donor,Nevada,1992,30
Deceased Donor,Nevada,1991,29
Deceased Donor,Nevada,1990,21
Deceased Donor,Nevada,1989,1
Deceased Donor,Nevada,1988,0
Deceased Donor,New Hampshire,To Date,647
Deceased Donor,New Hampshire,2026,11
Deceased Donor,New Hampshire,2025,14
Deceased Donor,New Hampshire,2024,12
Deceased Donor,New Hampshire,2023,12
Deceased Donor,New Hampshire,2022,11
Deceased Donor,New Hampshire,2021,9
Deceased Donor,New Hampshire,2020,12
Deceased Donor,New Hampshire,2019,13
Deceased Donor,New Hampshire,2018,5
Deceased Donor,New Hampshire,2017,1
Deceased Donor,New Hampshire,2016,16
Deceased Donor,New Hampshire,2015,29
Deceased Donor,New Hampshire,2014,24
Deceased Donor,New Hampshire,2013,19
Deceased Donor,New Hampshire,2012,23
Deceased Donor,New Hampshire,2011,41
Deceased Donor,New Hampshire,2010,35
Deceased Donor,New Hampshire,2009,35
Deceased Donor,New Hampshire,2008,30
Deceased Donor,New Hampshire,2007,34
Deceased Donor,New Hampshire,2006,38
Deceased Donor,New Hampshire,2005,25
Deceased Donor,New Hampshire,2004,18
Deceased Donor,New Hampshire,2003,25
Deceased Donor,New Hampshire,2002,16
Deceased Donor,New Hampshire,2001,11
Deceased Donor,New Hampshire,2000,9
Deceased Donor,New Hampshire,1999,11
Deceased Donor,New Hampshire,1998,20
Deceased Donor,New Hampshire,1997,10
Deceased Donor,New Hampshire,1996,14
Deceased Donor,New Hampshire,1995,22
Deceased Donor,New Hampshire,1994,15
Deceased Donor,New Hampshire,1993,24
Deceased Donor,New Hampshire,1992,3
Deceased Donor,New Hampshire,1991,0
Deceased Donor,New Hampshire,1990,0
Deceased Donor,New Hampshire,1989,0
Deceased Donor,New Hampshire,1988,0
Deceased Donor,New Jersey,To Date,14745
Deceased Donor,New Jersey,2026,553
Deceased Donor,New Jersey,2025,849
Deceased Donor,New Jersey,2024,919
Deceased Donor,New Jersey,2023,837
Deceased Donor,New Jersey,2022,612
Deceased Donor,New Jersey,2021,473
Deceased Donor,New Jersey,2020,442
Deceased Donor,New Jersey,2019,482
Deceased Donor,New Jersey,2018,373
Deceased Donor,New Jersey,2017,393
Deceased Donor,New Jersey,2016,413
Deceased Donor,New Jersey,2015,397
Deceased Donor,New Jersey,2014,303
Deceased Donor,New Jersey,2013,349
Deceased Donor,New Jersey,2012,360
Deceased Donor,New Jersey,2011,406
Deceased Donor,New Jersey,2010,398
Deceased Donor,New Jersey,2009,394
Deceased Donor,New Jersey,2008,419
Deceased Donor,New Jersey,2007,402
Deceased Donor,New Jersey,2006,363
Deceased Donor,New Jersey,2005,391
Deceased Donor,New Jersey,2004,427
Deceased Donor,New Jersey,2003,340
Deceased Donor,New Jersey,2002,343
Deceased Donor,New Jersey,2001,341
Deceased Donor,New Jersey,2000,338
Deceased Donor,New Jersey,1999,332
Deceased Donor,New Jersey,1998,254
Deceased Donor,New Jersey,1997,266
Deceased Donor,New Jersey,1996,255
Deceased Donor,New Jersey,1995,231
Deceased Donor,New Jersey,1994,225
Deceased Donor,New Jersey,1993,207
Deceased Donor,New Jersey,1992,178
Deceased Donor,New Jersey,1991,155
Deceased Donor,New Jersey,1990,135
Deceased Donor,New Jersey,1989,104
Deceased Donor,New Jersey,1988,86
Deceased Donor,New Mexico,To Date,2411
Deceased Donor,New Mexico,2026,45
Deceased Donor,New Mexico,2025,53
Deceased Donor,New Mexico,2024,74
Deceased Donor,New Mexico,2023,95
Deceased Donor,New Mexico,2022,77
Deceased Donor,New Mexico,2021,84
Deceased Donor,New Mexico,2020,76
Deceased Donor,New Mexico,2019,72
Deceased Donor,New Mexico,2018,62
Deceased Donor,New Mexico,2017,75
Deceased Donor,New Mexico,2016,66
Deceased Donor,New Mexico,2015,58
Deceased Donor,New Mexico,2014,71
Deceased Donor,New Mexico,2013,43
Deceased Donor,New Mexico,2012,46
Deceased Donor,New Mexico,2011,62
Deceased Donor,New Mexico,2010,62
Deceased Donor,New Mexico,2009,73
Deceased Donor,New Mexico,2008,59
Deceased Donor,New Mexico,2007,54
Deceased Donor,New Mexico,2006,57
Deceased Donor,New Mexico,2005,51
Deceased Donor,New Mexico,2004,36
Deceased Donor,New Mexico,2003,33
Deceased Donor,New Mexico,2002,29
Deceased Donor,New Mexico,2001,32
Deceased Donor,New Mexico,2000,49
Deceased Donor,New Mexico,1999,48
Deceased Donor,New Mexico,1998,70
Deceased Donor,New Mexico,1997,54
Deceased Donor,New Mexico,1996,93
Deceased Donor,New Mexico,1995,84
Deceased Donor,New Mexico,1994,74
Deceased Donor,New Mexico,1993,61
Deceased Donor,New Mexico,1992,56
Deceased Donor,New Mexico,1991,80
Deceased Donor,New Mexico,1990,69
Deceased Donor,New Mexico,1989,57
Deceased Donor,New Mexico,1988,71
Deceased Donor,New York,To Date,55862
Deceased Donor,New York,2026,1943
Deceased Donor,New York,2025,2987
Deceased Donor,New York,2024,3016
Deceased Donor,New York,2023,2996
Deceased Donor,New York,2022,2836
Deceased Donor,New York,2021,2568
Deceased Donor,New York,2020,1998
Deceased Donor,New York,2019,1966
Deceased Donor,New York,2018,1920
Deceased Donor,New York,2017,1690
Deceased Donor,New York,2016,1611
Deceased Donor,New York,2015,1387
Deceased Donor,New York,2014,1280
Deceased Donor,New York,2013,1176
Deceased Donor,New York,2012,1331
Deceased Donor,New York,2011,1299
Deceased Donor,New York,2010,1257
Deceased Donor,New York,2009,1349
Deceased Donor,New York,2008,1361
Deceased Donor,New York,2007,1535
Deceased Donor,New York,2006,1732
Deceased Donor,New York,2005,1456
Deceased Donor,New York,2004,1217
Deceased Donor,New York,2003,1028
Deceased Donor,New York,2002,1108
Deceased Donor,New York,2001,1042
Deceased Donor,New York,2000,960
Deceased Donor,New York,1999,1030
Deceased Donor,New York,1998,1043
Deceased Donor,New York,1997,961
Deceased Donor,New York,1996,897
Deceased Donor,New York,1995,957
Deceased Donor,New York,1994,866
Deceased Donor,New York,1993,828
Deceased Donor,New York,1992,789
Deceased Donor,New York,1991,722
Deceased Donor,New York,1990,669
Deceased Donor,New York,1989,566
Deceased Donor,New York,1988,485
Deceased Donor,North Carolina,To Date,28576
Deceased Donor,North Carolina,2026,959
Deceased Donor,North Carolina,2025,1454
Deceased Donor,North Carolina,2024,1393
Deceased Donor,North Carolina,2023,1382
Deceased Donor,North Carolina,2022,1243
Deceased Donor,North Carolina,2021,1188
Deceased Donor,North Carolina,2020,1211
Deceased Donor,North Carolina,2019,1228
Deceased Donor,North Carolina,2018,998
Deceased Donor,North Carolina,2017,957
Deceased Donor,North Carolina,2016,925
Deceased Donor,North Carolina,2015,884
Deceased Donor,North Carolina,2014,853
Deceased Donor,North Carolina,2013,846
Deceased Donor,North Carolina,2012,830
Deceased Donor,North Carolina,2011,913
Deceased Donor,North Carolina,2010,913
Deceased Donor,North Carolina,2009,795
Deceased Donor,North Carolina,2008,761
Deceased Donor,North Carolina,2007,668
Deceased Donor,North Carolina,2006,652
Deceased Donor,North Carolina,2005,628
Deceased Donor,North Carolina,2004,557
Deceased Donor,North Carolina,2003,561
Deceased Donor,North Carolina,2002,536
Deceased Donor,North Carolina,2001,529
Deceased Donor,North Carolina,2000,536
Deceased Donor,North Carolina,1999,464
Deceased Donor,North Carolina,1998,493
Deceased Donor,North Carolina,1997,461
Deceased Donor,North Carolina,1996,422
Deceased Donor,North Carolina,1995,397
Deceased Donor,North Carolina,1994,439
Deceased Donor,North Carolina,1993,286
Deceased Donor,North Carolina,1992,289
Deceased Donor,North Carolina,1991,270
Deceased Donor,North Carolina,1990,252
Deceased Donor,North Carolina,1989,199
Deceased Donor,North Carolina,1988,204
Deceased Donor,North Dakota,To Date,1011
Deceased Donor,North Dakota,2026,48
Deceased Donor,North Dakota,2025,39
Deceased Donor,North Dakota,2024,46
Deceased Donor,North Dakota,2023,47
Deceased Donor,North Dakota,2022,31
Deceased Donor,North Dakota,2021,35
Deceased Donor,North Dakota,2020,14
Deceased Donor,North Dakota,2019,26
Deceased Donor,North Dakota,2018,21
Deceased Donor,North Dakota,2017,30
Deceased Donor,North Dakota,2016,32
Deceased Donor,North Dakota,2015,35
Deceased Donor,North Dakota,2014,27
Deceased Donor,North Dakota,2013,20
Deceased Donor,North Dakota,2012,9
Deceased Donor,North Dakota,2011,28
Deceased Donor,North Dakota,2010,21
Deceased Donor,North Dakota,2009,23
Deceased Donor,North Dakota,2008,28
Deceased Donor,North Dakota,2007,25
Deceased Donor,North Dakota,2006,32
Deceased Donor,North Dakota,2005,32
Deceased Donor,North Dakota,2004,35
Deceased Donor,North Dakota,2003,37
Deceased Donor,North Dakota,2002,53
Deceased Donor,North Dakota,2001,31
Deceased Donor,North Dakota,2000,14
Deceased Donor,North Dakota,1999,14
Deceased Donor,North Dakota,1998,21
Deceased Donor,North Dakota,1997,18
Deceased Donor,North Dakota,1996,22
Deceased Donor,North Dakota,1995,16
Deceased Donor,North Dakota,1994,28
Deceased Donor,North Dakota,1993,21
Deceased Donor,North Dakota,1992,18
Deceased Donor,North Dakota,1991,15
Deceased Donor,North Dakota,1990,18
Deceased Donor,North Dakota,1989,1
Deceased Donor,North Dakota,1988,0
Deceased Donor,Ohio,To Date,40545
Deceased Donor,Ohio,2026,1450
Deceased Donor,Ohio,2025,2191
Deceased Donor,Ohio,2024,2192
Deceased Donor,Ohio,2023,2151
Deceased Donor,Ohio,2022,1865
Deceased Donor,Ohio,2021,1867
Deceased Donor,Ohio,2020,1783
Deceased Donor,Ohio,2019,1564
Deceased Donor,Ohio,2018,1343
Deceased Donor,Ohio,2017,1249
Deceased Donor,Ohio,2016,1084
Deceased Donor,Ohio,2015,983
Deceased Donor,Ohio,2014,944
Deceased Donor,Ohio,2013,840
Deceased Donor,Ohio,2012,868
Deceased Donor,Ohio,2011,845
Deceased Donor,Ohio,2010,900
Deceased Donor,Ohio,2009,892
Deceased Donor,Ohio,2008,885
Deceased Donor,Ohio,2007,913
Deceased Donor,Ohio,2006,888
Deceased Donor,Ohio,2005,823
Deceased Donor,Ohio,2004,809
Deceased Donor,Ohio,2003,729
Deceased Donor,Ohio,2002,676
Deceased Donor,Ohio,2001,730
Deceased Donor,Ohio,2000,825
Deceased Donor,Ohio,1999,797
Deceased Donor,Ohio,1998,840
Deceased Donor,Ohio,1997,752
Deceased Donor,Ohio,1996,715
Deceased Donor,Ohio,1995,735
Deceased Donor,Ohio,1994,710
Deceased Donor,Ohio,1993,712
Deceased Donor,Ohio,1992,756
Deceased Donor,Ohio,1991,670
Deceased Donor,Ohio,1990,624
Deceased Donor,Ohio,1989,446
Deceased Donor,Ohio,1988,499
Deceased Donor,Oklahoma,To Date,8550
Deceased Donor,Oklahoma,2026,219
Deceased Donor,Oklahoma,2025,308
Deceased Donor,Oklahoma,2024,351
Deceased Donor,Oklahoma,2023,357
Deceased Donor,Oklahoma,2022,331
Deceased Donor,Oklahoma,2021,296
Deceased Donor,Oklahoma,2020,300
Deceased Donor,Oklahoma,2019,275
Deceased Donor,Oklahoma,2018,271
Deceased Donor,Oklahoma,2017,297
Deceased Donor,Oklahoma,2016,289
Deceased Donor,Oklahoma,2015,278
Deceased Donor,Oklahoma,2014,288
Deceased Donor,Oklahoma,2013,209
Deceased Donor,Oklahoma,2012,236
Deceased Donor,Oklahoma,2011,233
Deceased Donor,Oklahoma,2010,193
Deceased Donor,Oklahoma,2009,185
Deceased Donor,Oklahoma,2008,180
Deceased Donor,Oklahoma,2007,191
Deceased Donor,Oklahoma,2006,181
Deceased Donor,Oklahoma,2005,201
Deceased Donor,Oklahoma,2004,216
Deceased Donor,Oklahoma,2003,208
Deceased Donor,Oklahoma,2002,182
Deceased Donor,Oklahoma,2001,186
Deceased Donor,Oklahoma,2000,185
Deceased Donor,Oklahoma,1999,178
Deceased Donor,Oklahoma,1998,178
Deceased Donor,Oklahoma,1997,141
Deceased Donor,Oklahoma,1996,183
Deceased Donor,Oklahoma,1995,212
Deceased Donor,Oklahoma,1994,233
Deceased Donor,Oklahoma,1993,195
Deceased Donor,Oklahoma,1992,137
Deceased Donor,Oklahoma,1991,102
Deceased Donor,Oklahoma,1990,116
Deceased Donor,Oklahoma,1989,109
Deceased Donor,Oklahoma,1988,120
Deceased Donor,Oregon,To Date,9006
Deceased Donor,Oregon,2026,272
Deceased Donor,Oregon,2025,366
Deceased Donor,Oregon,2024,370
Deceased Donor,Oregon,2023,476
Deceased Donor,Oregon,2022,370
Deceased Donor,Oregon,2021,321
Deceased Donor,Oregon,2020,382
Deceased Donor,Oregon,2019,311
Deceased Donor,Oregon,2018,270
Deceased Donor,Oregon,2017,269
Deceased Donor,Oregon,2016,285
Deceased Donor,Oregon,2015,251
Deceased Donor,Oregon,2014,222
Deceased Donor,Oregon,2013,240
Deceased Donor,Oregon,2012,196
Deceased Donor,Oregon,2011,212
Deceased Donor,Oregon,2010,185
Deceased Donor,Oregon,2009,218
Deceased Donor,Oregon,2008,182
Deceased Donor,Oregon,2007,203
Deceased Donor,Oregon,2006,246
Deceased Donor,Oregon,2005,195
Deceased Donor,Oregon,2004,170
Deceased Donor,Oregon,2003,206
Deceased Donor,Oregon,2002,194
Deceased Donor,Oregon,2001,196
Deceased Donor,Oregon,2000,190
Deceased Donor,Oregon,1999,185
Deceased Donor,Oregon,1998,157
Deceased Donor,Oregon,1997,169
Deceased Donor,Oregon,1996,167
Deceased Donor,Oregon,1995,189
Deceased Donor,Oregon,1994,210
Deceased Donor,Oregon,1993,205
Deceased Donor,Oregon,1992,175
Deceased Donor,Oregon,1991,131
Deceased Donor,Oregon,1990,168
Deceased Donor,Oregon,1989,134
Deceased Donor,Oregon,1988,118
Deceased Donor,Pennsylvania,To Date,60809
Deceased Donor,Pennsylvania,2026,1312
Deceased Donor,Pennsylvania,2025,1884
Deceased Donor,Pennsylvania,2024,1749
Deceased Donor,Pennsylvania,2023,1657
Deceased Donor,Pennsylvania,2022,1655
Deceased Donor,Pennsylvania,2021,1590
Deceased Donor,Pennsylvania,2020,1791
Deceased Donor,Pennsylvania,2019,1920
Deceased Donor,Pennsylvania,2018,1833
Deceased Donor,Pennsylvania,2017,1799
Deceased Donor,Pennsylvania,2016,1749
Deceased Donor,Pennsylvania,2015,1641
Deceased Donor,Pennsylvania,2014,1479
Deceased Donor,Pennsylvania,2013,1501
Deceased Donor,Pennsylvania,2012,1338
Deceased Donor,Pennsylvania,2011,1426
Deceased Donor,Pennsylvania,2010,1606
Deceased Donor,Pennsylvania,2009,1660
Deceased Donor,Pennsylvania,2008,1683
Deceased Donor,Pennsylvania,2007,1722
Deceased Donor,Pennsylvania,2006,1860
Deceased Donor,Pennsylvania,2005,1734
Deceased Donor,Pennsylvania,2004,1647
Deceased Donor,Pennsylvania,2003,1613
Deceased Donor,Pennsylvania,2002,1546
Deceased Donor,Pennsylvania,2001,1408
Deceased Donor,Pennsylvania,2000,1332
Deceased Donor,Pennsylvania,1999,1461
Deceased Donor,Pennsylvania,1998,1459
Deceased Donor,Pennsylvania,1997,1518
Deceased Donor,Pennsylvania,1996,1448
Deceased Donor,Pennsylvania,1995,1383
Deceased Donor,Pennsylvania,1994,1231
Deceased Donor,Pennsylvania,1993,1401
Deceased Donor,Pennsylvania,1992,1391
Deceased Donor,Pennsylvania,1991,1367
Deceased Donor,Pennsylvania,1990,1421
Deceased Donor,Pennsylvania,1989,1287
Deceased Donor,Pennsylvania,1988,1307
Deceased Donor,Puerto Rico,To Date,2853
Deceased Donor,Puerto Rico,2026,71
Deceased Donor,Puerto Rico,2025,96
Deceased Donor,Puerto Rico,2024,135
Deceased Donor,Puerto Rico,2023,106
Deceased Donor,Puerto Rico,2022,97
Deceased Donor,Puerto Rico,2021,111
Deceased Donor,Puerto Rico,2020,97
Deceased Donor,Puerto Rico,2019,116
Deceased Donor,Puerto Rico,2018,117
Deceased Donor,Puerto Rico,2017,99
Deceased Donor,Puerto Rico,2016,132
Deceased Donor,Puerto Rico,2015,148
Deceased Donor,Puerto Rico,2014,145
Deceased Donor,Puerto Rico,2013,131
Deceased Donor,Puerto Rico,2012,120
Deceased Donor,Puerto Rico,2011,92
Deceased Donor,Puerto Rico,2010,82
Deceased Donor,Puerto Rico,2009,83
Deceased Donor,Puerto Rico,2008,85
Deceased Donor,Puerto Rico,2007,104
Deceased Donor,Puerto Rico,2006,74
Deceased Donor,Puerto Rico,2005,103
Deceased Donor,Puerto Rico,2004,72
Deceased Donor,Puerto Rico,2003,73
Deceased Donor,Puerto Rico,2002,46
Deceased Donor,Puerto Rico,2001,71
Deceased Donor,Puerto Rico,2000,50
Deceased Donor,Puerto Rico,1999,37
Deceased Donor,Puerto Rico,1998,40
Deceased Donor,Puerto Rico,1997,15
Deceased Donor,Puerto Rico,1996,7
Deceased Donor,Puerto Rico,1995,12
Deceased Donor,Puerto Rico,1994,13
Deceased Donor,Puerto Rico,1993,13
Deceased Donor,Puerto Rico,1992,9
Deceased Donor,Puerto Rico,1991,9
Deceased Donor,Puerto Rico,1990,13
Deceased Donor,Puerto Rico,1989,11
Deceased Donor,Puerto Rico,1988,18
Deceased Donor,Rhode Island,To Date,1029
Deceased Donor,Rhode Island,2026,14
Deceased Donor,Rhode Island,2025,30
Deceased Donor,Rhode Island,2024,33
Deceased Donor,Rhode Island,2023,39
Deceased Donor,Rhode Island,2022,31
Deceased Donor,Rhode Island,2021,35
Deceased Donor,Rhode Island,2020,33
Deceased Donor,Rhode Island,2019,32
Deceased Donor,Rhode Island,2018,42
Deceased Donor,Rhode Island,2017,40
Deceased Donor,Rhode Island,2016,39
Deceased Donor,Rhode Island,2015,40
Deceased Donor,Rhode Island,2014,46
Deceased Donor,Rhode Island,2013,29
Deceased Donor,Rhode Island,2012,41
Deceased Donor,Rhode Island,2011,34
Deceased Donor,Rhode Island,2010,24
Deceased Donor,Rhode Island,2009,34
Deceased Donor,Rhode Island,2008,19
Deceased Donor,Rhode Island,2007,26
Deceased Donor,Rhode Island,2006,38
Deceased Donor,Rhode Island,2005,42
Deceased Donor,Rhode Island,2004,37
Deceased Donor,Rhode Island,2003,44
Deceased Donor,Rhode Island,2002,50
Deceased Donor,Rhode Island,2001,42
Deceased Donor,Rhode Island,2000,31
Deceased Donor,Rhode Island,1999,29
Deceased Donor,Rhode Island,1998,27
Deceased Donor,Rhode Island,1997,28
Deceased Donor,Rhode Island,1996,0
Deceased Donor,Rhode Island,1995,0
Deceased Donor,Rhode Island,1994,0
Deceased Donor,Rhode Island,1993,0
Deceased Donor,Rhode Island,1992,0
Deceased Donor,Rhode Island,1991,0
Deceased Donor,Rhode Island,1990,0
Deceased Donor,Rhode Island,1989,0
Deceased Donor,Rhode Island,1988,0
Deceased Donor,South Carolina,To Date,11227
Deceased Donor,South Carolina,2026,583
Deceased Donor,South Carolina,2025,871
Deceased Donor,South Carolina,2024,768
Deceased Donor,South Carolina,2023,610
Deceased Donor,South Carolina,2022,564
Deceased Donor,South Carolina,2021,532
Deceased Donor,South Carolina,2020,448
Deceased Donor,South Carolina,2019,389
Deceased Donor,South Carolina,2018,326
Deceased Donor,South Carolina,2017,372
Deceased Donor,South Carolina,2016,257
Deceased Donor,South Carolina,2015,272
Deceased Donor,South Carolina,2014,260
Deceased Donor,South Carolina,2013,256
Deceased Donor,South Carolina,2012,246
Deceased Donor,South Carolina,2011,300
Deceased Donor,South Carolina,2010,262
Deceased Donor,South Carolina,2009,225
Deceased Donor,South Carolina,2008,240
Deceased Donor,South Carolina,2007,239
Deceased Donor,South Carolina,2006,258
Deceased Donor,South Carolina,2005,197
Deceased Donor,South Carolina,2004,200
Deceased Donor,South Carolina,2003,170
Deceased Donor,South Carolina,2002,199
Deceased Donor,South Carolina,2001,264
Deceased Donor,South Carolina,2000,253
Deceased Donor,South Carolina,1999,215
Deceased Donor,South Carolina,1998,180
Deceased Donor,South Carolina,1997,152
Deceased Donor,South Carolina,1996,191
Deceased Donor,South Carolina,1995,143
Deceased Donor,South Carolina,1994,166
Deceased Donor,South Carolina,1993,140
Deceased Donor,South Carolina,1992,122
Deceased Donor,South Carolina,1991,102
Deceased Donor,South Carolina,1990,101
Deceased Donor,South Carolina,1989,64
Deceased Donor,South Carolina,1988,90
Deceased Donor,South Dakota,To Date,1039
Deceased Donor,South Dakota,2026,29
Deceased Donor,South Dakota,2025,38
Deceased Donor,South Dakota,2024,55
Deceased Donor,South Dakota,2023,32
Deceased Donor,South Dakota,2022,40
Deceased Donor,South Dakota,2021,32
Deceased Donor,South Dakota,2020,49
Deceased Donor,South Dakota,2019,43
Deceased Donor,South Dakota,2018,45
Deceased Donor,South Dakota,2017,49
Deceased Donor,South Dakota,2016,34
Deceased Donor,South Dakota,2015,40
Deceased Donor,South Dakota,2014,36
Deceased Donor,South Dakota,2013,28
Deceased Donor,South Dakota,2012,34
Deceased Donor,South Dakota,2011,36
Deceased Donor,South Dakota,2010,20
Deceased Donor,South Dakota,2009,36
Deceased Donor,South Dakota,2008,25
Deceased Donor,South Dakota,2007,33
Deceased Donor,South Dakota,2006,31
Deceased Donor,South Dakota,2005,39
Deceased Donor,South Dakota,2004,39
Deceased Donor,South Dakota,2003,31
Deceased Donor,South Dakota,2002,30
Deceased Donor,South Dakota,2001,18
Deceased Donor,South Dakota,2000,19
Deceased Donor,South Dakota,1999,25
Deceased Donor,South Dakota,1998,28
Deceased Donor,South Dakota,1997,16
Deceased Donor,South Dakota,1996,11
Deceased Donor,South Dakota,1995,10
Deceased Donor,South Dakota,1994,7
Deceased Donor,South Dakota,1993,1
Deceased Donor,South Dakota,1992,0
Deceased Donor,South Dakota,1991,0
Deceased Donor,South Dakota,1990,0
Deceased Donor,South Dakota,1989,0
Deceased Donor,South Dakota,1988,0
Deceased Donor,Tennessee,To Date,24802
Deceased Donor,Tennessee,2026,942
Deceased Donor,Tennessee,2025,1393
Deceased Donor,Tennessee,2024,1444
Deceased Donor,Tennessee,2023,1341
Deceased Donor,Tennessee,2022,1070
Deceased Donor,Tennessee,2021,1080
Deceased Donor,Tennessee,2020,1055
Deceased Donor,Tennessee,2019,898
Deceased Donor,Tennessee,2018,907
Deceased Donor,Tennessee,2017,838
Deceased Donor,Tennessee,2016,818
Deceased Donor,Tennessee,2015,759
Deceased Donor,Tennessee,2014,725
Deceased Donor,Tennessee,2013,688
Deceased Donor,Tennessee,2012,613
Deceased Donor,Tennessee,2011,652
Deceased Donor,Tennessee,2010,614
Deceased Donor,Tennessee,2009,654
Deceased Donor,Tennessee,2008,557
Deceased Donor,Tennessee,2007,558
Deceased Donor,Tennessee,2006,578
Deceased Donor,Tennessee,2005,458
Deceased Donor,Tennessee,2004,472
Deceased Donor,Tennessee,2003,417
Deceased Donor,Tennessee,2002,460
Deceased Donor,Tennessee,2001,414
Deceased Donor,Tennessee,2000,429
Deceased Donor,Tennessee,1999,419
Deceased Donor,Tennessee,1998,412
Deceased Donor,Tennessee,1997,391
Deceased Donor,Tennessee,1996,389
Deceased Donor,Tennessee,1995,361
Deceased Donor,Tennessee,1994,311
Deceased Donor,Tennessee,1993,359
Deceased Donor,Tennessee,1992,276
Deceased Donor,Tennessee,1991,286
Deceased Donor,Tennessee,1990,322
Deceased Donor,Tennessee,1989,228
Deceased Donor,Tennessee,1988,214
Deceased Donor,Texas,To Date,74552
Deceased Donor,Texas,2026,2590
Deceased Donor,Texas,2025,3829
Deceased Donor,Texas,2024,3620
Deceased Donor,Texas,2023,3358
Deceased Donor,Texas,2022,3270
Deceased Donor,Texas,2021,3243
Deceased Donor,Texas,2020,2989
Deceased Donor,Texas,2019,2900
Deceased Donor,Texas,2018,2591
Deceased Donor,Texas,2017,2766
Deceased Donor,Texas,2016,2578
Deceased Donor,Texas,2015,2256
Deceased Donor,Texas,2014,2166
Deceased Donor,Texas,2013,1953
Deceased Donor,Texas,2012,1893
Deceased Donor,Texas,2011,1838
Deceased Donor,Texas,2010,1826
Deceased Donor,Texas,2009,1669
Deceased Donor,Texas,2008,1747
Deceased Donor,Texas,2007,1824
Deceased Donor,Texas,2006,1696
Deceased Donor,Texas,2005,1659
Deceased Donor,Texas,2004,1597
Deceased Donor,Texas,2003,1539
Deceased Donor,Texas,2002,1445
Deceased Donor,Texas,2001,1344
Deceased Donor,Texas,2000,1303
Deceased Donor,Texas,1999,1343
Deceased Donor,Texas,1998,1252
Deceased Donor,Texas,1997,1199
Deceased Donor,Texas,1996,1112
Deceased Donor,Texas,1995,1177
Deceased Donor,Texas,1994,1119
Deceased Donor,Texas,1993,1073
Deceased Donor,Texas,1992,1015
Deceased Donor,Texas,1991,1010
Deceased Donor,Texas,1990,944
Deceased Donor,Texas,1989,959
Deceased Donor,Texas,1988,860
Deceased Donor,Utah,To Date,10414
Deceased Donor,Utah,2026,482
Deceased Donor,Utah,2025,733
Deceased Donor,Utah,2024,669
Deceased Donor,Utah,2023,580
Deceased Donor,Utah,2022,523
Deceased Donor,Utah,2021,488
Deceased Donor,Utah,2020,416
Deceased Donor,Utah,2019,316
Deceased Donor,Utah,2018,343
Deceased Donor,Utah,2017,333
Deceased Donor,Utah,2016,314
Deceased Donor,Utah,2015,287
Deceased Donor,Utah,2014,277
Deceased Donor,Utah,2013,289
Deceased Donor,Utah,2012,209
Deceased Donor,Utah,2011,220
Deceased Donor,Utah,2010,197
Deceased Donor,Utah,2009,188
Deceased Donor,Utah,2008,179
Deceased Donor,Utah,2007,188
Deceased Donor,Utah,2006,190
Deceased Donor,Utah,2005,172
Deceased Donor,Utah,2004,209
Deceased Donor,Utah,2003,184
Deceased Donor,Utah,2002,187
Deceased Donor,Utah,2001,144
Deceased Donor,Utah,2000,152
Deceased Donor,Utah,1999,170
Deceased Donor,Utah,1998,145
Deceased Donor,Utah,1997,146
Deceased Donor,Utah,1996,155
Deceased Donor,Utah,1995,183
Deceased Donor,Utah,1994,142
Deceased Donor,Utah,1993,150
Deceased Donor,Utah,1992,149
Deceased Donor,Utah,1991,182
Deceased Donor,Utah,1990,189
Deceased Donor,Utah,1989,169
Deceased Donor,Utah,1988,165
Deceased Donor,Vermont,To Date,593
Deceased Donor,Vermont,2026,0
Deceased Donor,Vermont,2025,0
Deceased Donor,Vermont,2024,9
Deceased Donor,Vermont,2023,8
Deceased Donor,Vermont,2022,7
Deceased Donor,Vermont,2021,5
Deceased Donor,Vermont,2020,7
Deceased Donor,Vermont,2019,17
Deceased Donor,Vermont,2018,10
Deceased Donor,Vermont,2017,17
Deceased Donor,Vermont,2016,20
Deceased Donor,Vermont,2015,16
Deceased Donor,Vermont,2014,24
Deceased Donor,Vermont,2013,20
Deceased Donor,Vermont,2012,15
Deceased Donor,Vermont,2011,31
Deceased Donor,Vermont,2010,39
Deceased Donor,Vermont,2009,26
Deceased Donor,Vermont,2008,29
Deceased Donor,Vermont,2007,25
Deceased Donor,Vermont,2006,38
Deceased Donor,Vermont,2005,24
Deceased Donor,Vermont,2004,14
Deceased Donor,Vermont,2003,25
Deceased Donor,Vermont,2002,3
Deceased Donor,Vermont,2001,2
Deceased Donor,Vermont,2000,13
Deceased Donor,Vermont,1999,17
Deceased Donor,Vermont,1998,13
Deceased Donor,Vermont,1997,14
Deceased Donor,Vermont,1996,18
Deceased Donor,Vermont,1995,17
Deceased Donor,Vermont,1994,11
Deceased Donor,Vermont,1993,5
Deceased Donor,Vermont,1992,0
Deceased Donor,Vermont,1991,11
Deceased Donor,Vermont,1990,17
Deceased Donor,Vermont,1989,12
Deceased Donor,Vermont,1988,14
Deceased Donor,Virginia,To Date,21926
Deceased Donor,Virginia,2026,734
Deceased Donor,Virginia,2025,1183
Deceased Donor,Virginia,2024,1264
Deceased Donor,Virginia,2023,1181
Deceased Donor,Virginia,2022,1026
Deceased Donor,Virginia,2021,928
Deceased Donor,Virginia,2020,908
Deceased Donor,Virginia,2019,973
Deceased Donor,Virginia,2018,761
Deceased Donor,Virginia,2017,677
Deceased Donor,Virginia,2016,562
Deceased Donor,Virginia,2015,524
Deceased Donor,Virginia,2014,470
Deceased Donor,Virginia,2013,490
Deceased Donor,Virginia,2012,539
Deceased Donor,Virginia,2011,453
Deceased Donor,Virginia,2010,529
Deceased Donor,Virginia,2009,536
Deceased Donor,Virginia,2008,517
Deceased Donor,Virginia,2007,499
Deceased Donor,Virginia,2006,536
Deceased Donor,Virginia,2005,465
Deceased Donor,Virginia,2004,405
Deceased Donor,Virginia,2003,414
Deceased Donor,Virginia,2002,373
Deceased Donor,Virginia,2001,389
Deceased Donor,Virginia,2000,340
Deceased Donor,Virginia,1999,351
Deceased Donor,Virginia,1998,386
Deceased Donor,Virginia,1997,434
Deceased Donor,Virginia,1996,464
Deceased Donor,Virginia,1995,387
Deceased Donor,Virginia,1994,415
Deceased Donor,Virginia,1993,391
Deceased Donor,Virginia,1992,324
Deceased Donor,Virginia,1991,348
Deceased Donor,Virginia,1990,347
Deceased Donor,Virginia,1989,202
Deceased Donor,Virginia,1988,201
Deceased Donor,Washington,To Date,17581
Deceased Donor,Washington,2026,516
Deceased Donor,Washington,2025,822
Deceased Donor,Washington,2024,800
Deceased Donor,Washington,2023,760
Deceased Donor,Washington,2022,645
Deceased Donor,Washington,2021,677
Deceased Donor,Washington,2020,647
Deceased Donor,Washington,2019,680
Deceased Donor,Washington,2018,681
Deceased Donor,Washington,2017,607
Deceased Donor,Washington,2016,543
Deceased Donor,Washington,2015,530
Deceased Donor,Washington,2014,558
Deceased Donor,Washington,2013,496
Deceased Donor,Washington,2012,471
Deceased Donor,Washington,2011,432
Deceased Donor,Washington,2010,437
Deceased Donor,Washington,2009,404
Deceased Donor,Washington,2008,419
Deceased Donor,Washington,2007,442
Deceased Donor,Washington,2006,408
Deceased Donor,Washington,2005,426
Deceased Donor,Washington,2004,493
Deceased Donor,Washington,2003,427
Deceased Donor,Washington,2002,373
Deceased Donor,Washington,2001,331
Deceased Donor,Washington,2000,395
Deceased Donor,Washington,1999,319
Deceased Donor,Washington,1998,307
Deceased Donor,Washington,1997,265
Deceased Donor,Washington,1996,322
Deceased Donor,Washington,1995,270
Deceased Donor,Washington,1994,275
Deceased Donor,Washington,1993,293
Deceased Donor,Washington,1992,244
Deceased Donor,Washington,1991,292
Deceased Donor,Washington,1990,289
Deceased Donor,Washington,1989,161
Deceased Donor,Washington,1988,124
Deceased Donor,West Virginia,To Date,1944
Deceased Donor,West Virginia,2026,76
Deceased Donor,West Virginia,2025,98
Deceased Donor,West Virginia,2024,94
Deceased Donor,West Virginia,2023,138
Deceased Donor,West Virginia,2022,100
Deceased Donor,West Virginia,2021,112
Deceased Donor,West Virginia,2020,115
Deceased Donor,West Virginia,2019,80
Deceased Donor,West Virginia,2018,54
Deceased Donor,West Virginia,2017,24
Deceased Donor,West Virginia,2016,30
Deceased Donor,West Virginia,2015,22
Deceased Donor,West Virginia,2014,35
Deceased Donor,West Virginia,2013,41
Deceased Donor,West Virginia,2012,38
Deceased Donor,West Virginia,2011,36
Deceased Donor,West Virginia,2010,31
Deceased Donor,West Virginia,2009,30
Deceased Donor,West Virginia,2008,33
Deceased Donor,West Virginia,2007,39
Deceased Donor,West Virginia,2006,44
Deceased Donor,West Virginia,2005,33
Deceased Donor,West Virginia,2004,33
Deceased Donor,West Virginia,2003,44
Deceased Donor,West Virginia,2002,41
Deceased Donor,West Virginia,2001,33
Deceased Donor,West Virginia,2000,40
Deceased Donor,West Virginia,1999,59
Deceased Donor,West Virginia,1998,57
Deceased Donor,West Virginia,1997,59
Deceased Donor,West Virginia,1996,52
Deceased Donor,West Virginia,1995,29
Deceased Donor,West Virginia,1994,28
Deceased Donor,West Virginia,1993,22
Deceased Donor,West Virginia,1992,35
Deceased Donor,West Virginia,1991,24
Deceased Donor,West Virginia,1990,27
Deceased Donor,West Virginia,1989,33
Deceased Donor,West Virginia,1988,25
Deceased Donor,Wisconsin,To Date,21310
Deceased Donor,Wisconsin,2026,566
Deceased Donor,Wisconsin,2025,763
Deceased Donor,Wisconsin,2024,704
Deceased Donor,Wisconsin,2023,699
Deceased Donor,Wisconsin,2022,594
Deceased Donor,Wisconsin,2021,565
Deceased Donor,Wisconsin,2020,677
Deceased Donor,Wisconsin,2019,569
Deceased Donor,Wisconsin,2018,562
Deceased Donor,Wisconsin,2017,603
Deceased Donor,Wisconsin,2016,645
Deceased Donor,Wisconsin,2015,536
Deceased Donor,Wisconsin,2014,555
Deceased Donor,Wisconsin,2013,551
Deceased Donor,Wisconsin,2012,521
Deceased Donor,Wisconsin,2011,565
Deceased Donor,Wisconsin,2010,542
Deceased Donor,Wisconsin,2009,540
Deceased Donor,Wisconsin,2008,578
Deceased Donor,Wisconsin,2007,585
Deceased Donor,Wisconsin,2006,583
Deceased Donor,Wisconsin,2005,632
Deceased Donor,Wisconsin,2004,577
Deceased Donor,Wisconsin,2003,582
Deceased Donor,Wisconsin,2002,583
Deceased Donor,Wisconsin,2001,520
Deceased Donor,Wisconsin,2000,480
Deceased Donor,Wisconsin,1999,548
Deceased Donor,Wisconsin,1998,500
Deceased Donor,Wisconsin,1997,509
Deceased Donor,Wisconsin,1996,478
Deceased Donor,Wisconsin,1995,509
Deceased Donor,Wisconsin,1994,473
Deceased Donor,Wisconsin,1993,495
Deceased Donor,Wisconsin,1992,388
Deceased Donor,Wisconsin,1991,412
Deceased Donor,Wisconsin,1990,421
Deceased Donor,Wisconsin,1989,359
Deceased Donor,Wisconsin,1988,341
Living Donor,All Center States,To Date,211123
Living Donor,All Center States,2026,5043
Living Donor,All Center States,2025,7239
Living Donor,All Center States,2024,7031
Living Donor,All Center States,2023,6955
Living Donor,All Center States,2022,6468
Living Donor,All Center States,2021,6542
Living Donor,All Center States,2020,5726
Living Donor,All Center States,2019,7397
Living Donor,All Center States,2018,6849
Living Donor,All Center States,2017,6182
Living Donor,All Center States,2016,5980
Living Donor,All Center States,2015,5989
Living Donor,All Center States,2014,5819
Living Donor,All Center States,2013,5988
Living Donor,All Center States,2012,5866
Living Donor,All Center States,2011,6022
Living Donor,All Center States,2010,6561
Living Donor,All Center States,2009,6609
Living Donor,All Center States,2008,6218
Living Donor,All Center States,2007,6313
Living Donor,All Center States,2006,6733
Living Donor,All Center States,2005,6905
Living Donor,All Center States,2004,6992
Living Donor,All Center States,2003,6814
Living Donor,All Center States,2002,6619
Living Donor,All Center States,2001,6598
Living Donor,All Center States,2000,5939
Living Donor,All Center States,1999,5019
Living Donor,All Center States,1998,4546
Living Donor,All Center States,1997,4050
Living Donor,All Center States,1996,3782
Living Donor,All Center States,1995,3475
Living Donor,All Center States,1994,3088
Living Donor,All Center States,1993,2898
Living Donor,All Center States,1992,2571
Living Donor,All Center States,1991,2427
Living Donor,All Center States,1990,2123
Living Donor,All Center States,1989,1918
Living Donor,All Center States,1988,1829
Living Donor,Alabama,To Date,3791
Living Donor,Alabama,2026,56
Living Donor,Alabama,2025,52
Living Donor,Alabama,2024,55
Living Donor,Alabama,2023,58
Living Donor,Alabama,2022,54
Living Donor,Alabama,2021,57
Living Donor,Alabama,2020,58
Living Donor,Alabama,2019,79
Living Donor,Alabama,2018,89
Living Donor,Alabama,2017,97
Living Donor,Alabama,2016,75
Living Donor,Alabama,2015,77
Living Donor,Alabama,2014,95
Living Donor,Alabama,2013,119
Living Donor,Alabama,2012,83
Living Donor,Alabama,2011,106
Living Donor,Alabama,2010,88
Living Donor,Alabama,2009,132
Living Donor,Alabama,2008,100
Living Donor,Alabama,2007,137
Living Donor,Alabama,2006,168
Living Donor,Alabama,2005,176
Living Donor,Alabama,2004,157
Living Donor,Alabama,2003,173
Living Donor,Alabama,2002,162
Living Donor,Alabama,2001,147
Living Donor,Alabama,2000,115
Living Donor,Alabama,1999,128
Living Donor,Alabama,1998,104
Living Donor,Alabama,1997,109
Living Donor,Alabama,1996,85
Living Donor,Alabama,1995,84
Living Donor,Alabama,1994,91
Living Donor,Alabama,1993,104
Living Donor,Alabama,1992,74
Living Donor,Alabama,1991,63
Living Donor,Alabama,1990,63
Living Donor,Alabama,1989,61
Living Donor,Alabama,1988,60
Living Donor,Arizona,To Date,4570
Living Donor,Arizona,2026,109
Living Donor,Arizona,2025,153
Living Donor,Arizona,2024,171
Living Donor,Arizona,2023,169
Living Donor,Arizona,2022,152
Living Donor,Arizona,2021,140
Living Donor,Arizona,2020,119
Living Donor,Arizona,2019,143
Living Donor,Arizona,2018,145
Living Donor,Arizona,2017,121
Living Donor,Arizona,2016,115
Living Donor,Arizona,2015,121
Living Donor,Arizona,2014,134
Living Donor,Arizona,2013,150
Living Donor,Arizona,2012,160
Living Donor,Arizona,2011,190
Living Donor,Arizona,2010,189
Living Donor,Arizona,2009,218
Living Donor,Arizona,2008,171
Living Donor,Arizona,2007,187
Living Donor,Arizona,2006,177
Living Donor,Arizona,2005,162
Living Donor,Arizona,2004,166
Living Donor,Arizona,2003,145
Living Donor,Arizona,2002,148
Living Donor,Arizona,2001,138
Living Donor,Arizona,2000,90
Living Donor,Arizona,1999,85
Living Donor,Arizona,1998,59
Living Donor,Arizona,1997,60
Living Donor,Arizona,1996,32
Living Donor,Arizona,1995,37
Living Donor,Arizona,1994,42
Living Donor,Arizona,1993,46
Living Donor,Arizona,1992,20
Living Donor,Arizona,1991,23
Living Donor,Arizona,1990,36
Living Donor,Arizona,1989,30
Living Donor,Arizona,1988,17
Living Donor,Arkansas,To Date,907
Living Donor,Arkansas,2026,16
Living Donor,Arkansas,2025,19
Living Donor,Arkansas,2024,13
Living Donor,Arkansas,2023,9
Living Donor,Arkansas,2022,7
Living Donor,Arkansas,2021,1
Living Donor,Arkansas,2020,2
Living Donor,Arkansas,2019,7
Living Donor,Arkansas,2018,8
Living Donor,Arkansas,2017,4
Living Donor,Arkansas,2016,9
Living Donor,Arkansas,2015,14
Living Donor,Arkansas,2014,10
Living Donor,Arkansas,2013,12
Living Donor,Arkansas,2012,22
Living Donor,Arkansas,2011,15
Living Donor,Arkansas,2010,15
Living Donor,Arkansas,2009,29
Living Donor,Arkansas,2008,16
Living Donor,Arkansas,2007,22
Living Donor,Arkansas,2006,31
Living Donor,Arkansas,2005,38
Living Donor,Arkansas,2004,38
Living Donor,Arkansas,2003,39
Living Donor,Arkansas,2002,39
Living Donor,Arkansas,2001,37
Living Donor,Arkansas,2000,45
Living Donor,Arkansas,1999,49
Living Donor,Arkansas,1998,44
Living Donor,Arkansas,1997,37
Living Donor,Arkansas,1996,32
Living Donor,Arkansas,1995,46
Living Donor,Arkansas,1994,38
Living Donor,Arkansas,1993,28
Living Donor,Arkansas,1992,36
Living Donor,Arkansas,1991,26
Living Donor,Arkansas,1990,19
Living Donor,Arkansas,1989,21
Living Donor,Arkansas,1988,14
Living Donor,California,To Date,23413
Living Donor,California,2026,485
Living Donor,California,2025,717
Living Donor,California,2024,781
Living Donor,California,2023,754
Living Donor,California,2022,699
Living Donor,California,2021,675
Living Donor,California,2020,628
Living Donor,California,2019,744
Living Donor,California,2018,698
Living Donor,California,2017,661
Living Donor,California,2016,670
Living Donor,California,2015,748
Living Donor,California,2014,628
Living Donor,California,2013,671
Living Donor,California,2012,657
Living Donor,California,2011,633
Living Donor,California,2010,768
Living Donor,California,2009,734
Living Donor,California,2008,739
Living Donor,California,2007,725
Living Donor,California,2006,675
Living Donor,California,2005,707
Living Donor,California,2004,808
Living Donor,California,2003,813
Living Donor,California,2002,748
Living Donor,California,2001,769
Living Donor,California,2000,680
Living Donor,California,1999,547
Living Donor,California,1998,544
Living Donor,California,1997,506
Living Donor,California,1996,477
Living Donor,California,1995,451
Living Donor,California,1994,418
Living Donor,California,1993,380
Living Donor,California,1992,287
Living Donor,California,1991,252
Living Donor,California,1990,189
Living Donor,California,1989,167
Living Donor,California,1988,180
Living Donor,Colorado,To Date,3898
Living Donor,Colorado,2026,127
Living Donor,Colorado,2025,149
Living Donor,Colorado,2024,173
Living Donor,Colorado,2023,165
Living Donor,Colorado,2022,171
Living Donor,Colorado,2021,146
Living Donor,Colorado,2020,118
Living Donor,Colorado,2019,177
Living Donor,Colorado,2018,174
Living Donor,Colorado,2017,171
Living Donor,Colorado,2016,118
Living Donor,Colorado,2015,113
Living Donor,Colorado,2014,115
Living Donor,Colorado,2013,94
Living Donor,Colorado,2012,110
Living Donor,Colorado,2011,124
Living Donor,Colorado,2010,145
Living Donor,Colorado,2009,120
Living Donor,Colorado,2008,126
Living Donor,Colorado,2007,114
Living Donor,Colorado,2006,125
Living Donor,Colorado,2005,124
Living Donor,Colorado,2004,92
Living Donor,Colorado,2003,90
Living Donor,Colorado,2002,91
Living Donor,Colorado,2001,112
Living Donor,Colorado,2000,111
Living Donor,Colorado,1999,73
Living Donor,Colorado,1998,79
Living Donor,Colorado,1997,52
Living Donor,Colorado,1996,40
Living Donor,Colorado,1995,37
Living Donor,Colorado,1994,26
Living Donor,Colorado,1993,25
Living Donor,Colorado,1992,16
Living Donor,Colorado,1991,10
Living Donor,Colorado,1990,21
Living Donor,Colorado,1989,11
Living Donor,Colorado,1988,13
Living Donor,Connecticut,To Date,2464
Living Donor,Connecticut,2026,54
Living Donor,Connecticut,2025,76
Living Donor,Connecticut,2024,85
Living Donor,Connecticut,2023,91
Living Donor,Connecticut,2022,88
Living Donor,Connecticut,2021,79
Living Donor,Connecticut,2020,64
Living Donor,Connecticut,2019,92
Living Donor,Connecticut,2018,98
Living Donor,Connecticut,2017,101
Living Donor,Connecticut,2016,77
Living Donor,Connecticut,2015,85
Living Donor,Connecticut,2014,71
Living Donor,Connecticut,2013,73
Living Donor,Connecticut,2012,77
Living Donor,Connecticut,2011,74
Living Donor,Connecticut,2010,90
Living Donor,Connecticut,2009,82
Living Donor,Connecticut,2008,58
Living Donor,Connecticut,2007,59
Living Donor,Connecticut,2006,54
Living Donor,Connecticut,2005,42
Living Donor,Connecticut,2004,48
Living Donor,Connecticut,2003,58
Living Donor,Connecticut,2002,74
Living Donor,Connecticut,2001,85
Living Donor,Connecticut,2000,75
Living Donor,Connecticut,1999,70
Living Donor,Connecticut,1998,70
Living Donor,Connecticut,1997,55
Living Donor,Connecticut,1996,51
Living Donor,Connecticut,1995,44
Living Donor,Connecticut,1994,31
Living Donor,Connecticut,1993,26
Living Donor,Connecticut,1992,30
Living Donor,Connecticut,1991,15
Living Donor,Connecticut,1990,22
Living Donor,Connecticut,1989,20
Living Donor,Connecticut,1988,20
Living Donor,Delaware,To Date,244
Living Donor,Delaware,2026,4
Living Donor,Delaware,2025,7
Living Donor,Delaware,2024,8
Living Donor,Delaware,2023,12
Living Donor,Delaware,2022,7
Living Donor,Delaware,2021,11
Living Donor,Delaware,2020,5
Living Donor,Delaware,2019,11
Living Donor,Delaware,2018,5
Living Donor,Delaware,2017,15
Living Donor,Delaware,2016,10
Living Donor,Delaware,2015,7
Living Donor,Delaware,2014,6
Living Donor,Delaware,2013,10
Living Donor,Delaware,2012,11
Living Donor,Delaware,2011,14
Living Donor,Delaware,2010,13
Living Donor,Delaware,2009,7
Living Donor,Delaware,2008,9
Living Donor,Delaware,2007,11
Living Donor,Delaware,2006,4
Living Donor,Delaware,2005,4
Living Donor,Delaware,2004,12
Living Donor,Delaware,2003,4
Living Donor,Delaware,2002,12
Living Donor,Delaware,2001,10
Living Donor,Delaware,2000,6
Living Donor,Delaware,1999,1
Living Donor,Delaware,1998,1
Living Donor,Delaware,1997,1
Living Donor,Delaware,1996,1
Living Donor,Delaware,1995,3
Living Donor,Delaware,1994,1
Living Donor,Delaware,1993,1
Living Donor,Delaware,1992,0
Living Donor,Delaware,1991,0
Living Donor,Delaware,1990,0
Living Donor,Delaware,1989,0
Living Donor,Delaware,1988,0
Living Donor,District of Columbia,To Date,3542
Living Donor,District of Columbia,2026,95
Living Donor,District of Columbia,2025,109
Living Donor,District of Columbia,2024,118
Living Donor,District of Columbia,2023,102
Living Donor,District of Columbia,2022,112
Living Donor,District of Columbia,2021,139
Living Donor,District of Columbia,2020,141
Living Donor,District of Columbia,2019,162
Living Donor,District of Columbia,2018,145
Living Donor,District of Columbia,2017,121
Living Donor,District of Columbia,2016,113
Living Donor,District of Columbia,2015,101
Living Donor,District of Columbia,2014,64
Living Donor,District of Columbia,2013,48
Living Donor,District of Columbia,2012,49
Living Donor,District of Columbia,2011,61
Living Donor,District of Columbia,2010,95
Living Donor,District of Columbia,2009,113
Living Donor,District of Columbia,2008,91
Living Donor,District of Columbia,2007,87
Living Donor,District of Columbia,2006,96
Living Donor,District of Columbia,2005,95
Living Donor,District of Columbia,2004,85
Living Donor,District of Columbia,2003,115
Living Donor,District of Columbia,2002,106
Living Donor,District of Columbia,2001,103
Living Donor,District of Columbia,2000,109
Living Donor,District of Columbia,1999,121
Living Donor,District of Columbia,1998,112
Living Donor,District of Columbia,1997,44
Living Donor,District of Columbia,1996,67
Living Donor,District of Columbia,1995,55
Living Donor,District of Columbia,1994,54
Living Donor,District of Columbia,1993,63
Living Donor,District of Columbia,1992,73
Living Donor,District of Columbia,1991,62
Living Donor,District of Columbia,1990,52
Living Donor,District of Columbia,1989,33
Living Donor,District of Columbia,1988,31
Living Donor,Florida,To Date,7988
Living Donor,Florida,2026,292
Living Donor,Florida,2025,384
Living Donor,Florida,2024,371
Living Donor,Florida,2023,345
Living Donor,Florida,2022,286
Living Donor,Florida,2021,231
Living Donor,Florida,2020,227
Living Donor,Florida,2019,344
Living Donor,Florida,2018,294
Living Donor,Florida,2017,239
Living Donor,Florida,2016,228
Living Donor,Florida,2015,231
Living Donor,Florida,2014,225
Living Donor,Florida,2013,273
Living Donor,Florida,2012,238
Living Donor,Florida,2011,220
Living Donor,Florida,2010,241
Living Donor,Florida,2009,205
Living Donor,Florida,2008,205
Living Donor,Florida,2007,200
Living Donor,Florida,2006,223
Living Donor,Florida,2005,228
Living Donor,Florida,2004,252
Living Donor,Florida,2003,202
Living Donor,Florida,2002,159
Living Donor,Florida,2001,201
Living Donor,Florida,2000,168
Living Donor,Florida,1999,186
Living Donor,Florida,1998,129
Living Donor,Florida,1997,128
Living Donor,Florida,1996,124
Living Donor,Florida,1995,121
Living Donor,Florida,1994,93
Living Donor,Florida,1993,77
Living Donor,Florida,1992,80
Living Donor,Florida,1991,91
Living Donor,Florida,1990,92
Living Donor,Florida,1989,86
Living Donor,Florida,1988,69
Living Donor,Georgia,To Date,5333
Living Donor,Georgia,2026,212
Living Donor,Georgia,2025,283
Living Donor,Georgia,2024,217
Living Donor,Georgia,2023,170
Living Donor,Georgia,2022,158
Living Donor,Georgia,2021,180
Living Donor,Georgia,2020,163
Living Donor,Georgia,2019,255
Living Donor,Georgia,2018,217
Living Donor,Georgia,2017,162
Living Donor,Georgia,2016,175
Living Donor,Georgia,2015,189
Living Donor,Georgia,2014,177
Living Donor,Georgia,2013,164
Living Donor,Georgia,2012,147
Living Donor,Georgia,2011,170
Living Donor,Georgia,2010,161
Living Donor,Georgia,2009,135
Living Donor,Georgia,2008,118
Living Donor,Georgia,2007,127
Living Donor,Georgia,2006,110
Living Donor,Georgia,2005,115
Living Donor,Georgia,2004,150
Living Donor,Georgia,2003,111
Living Donor,Georgia,2002,130
Living Donor,Georgia,2001,115
Living Donor,Georgia,2000,108
Living Donor,Georgia,1999,77
Living Donor,Georgia,1998,63
Living Donor,Georgia,1997,54
Living Donor,Georgia,1996,80
Living Donor,Georgia,1995,110
Living Donor,Georgia,1994,92
Living Donor,Georgia,1993,76
Living Donor,Georgia,1992,89
Living Donor,Georgia,1991,78
Living Donor,Georgia,1990,65
Living Donor,Georgia,1989,69
Living Donor,Georgia,1988,61
Living Donor,Hawaii,To Date,334
Living Donor,Hawaii,2026,11
Living Donor,Hawaii,2025,4
Living Donor,Hawaii,2024,7
Living Donor,Hawaii,2023,1
Living Donor,Hawaii,2022,1
Living Donor,Hawaii,2021,5
Living Donor,Hawaii,2020,4
Living Donor,Hawaii,2019,5
Living Donor,Hawaii,2018,7
Living Donor,Hawaii,2017,4
Living Donor,Hawaii,2016,10
Living Donor,Hawaii,2015,8
Living Donor,Hawaii,2014,10
Living Donor,Hawaii,2013,10
Living Donor,Hawaii,2012,3
Living Donor,Hawaii,2011,7
Living Donor,Hawaii,2010,7
Living Donor,Hawaii,2009,15
Living Donor,Hawaii,2008,16
Living Donor,Hawaii,2007,12
Living Donor,Hawaii,2006,15
Living Donor,Hawaii,2005,33
Living Donor,Hawaii,2004,16
Living Donor,Hawaii,2003,11
Living Donor,Hawaii,2002,21
Living Donor,Hawaii,2001,13
Living Donor,Hawaii,2000,7
Living Donor,Hawaii,1999,9
Living Donor,Hawaii,1998,12
Living Donor,Hawaii,1997,5
Living Donor,Hawaii,1996,6
Living Donor,Hawaii,1995,7
Living Donor,Hawaii,1994,7
Living Donor,Hawaii,1993,4
Living Donor,Hawaii,1992,4
Living Donor,Hawaii,1991,5
Living Donor,Hawaii,1990,3
Living Donor,Hawaii,1989,7
Living Donor,Hawaii,1988,2
Living Donor,Illinois,To Date,10168
Living Donor,Illinois,2026,237
Living Donor,Illinois,2025,324
Living Donor,Illinois,2024,331
Living Donor,Illinois,2023,316
Living Donor,Illinois,2022,293
Living Donor,Illinois,2021,345
Living Donor,Illinois,2020,243
Living Donor,Illinois,2019,319
Living Donor,Illinois,2018,285
Living Donor,Illinois,2017,259
Living Donor,Illinois,2016,277
Living Donor,Illinois,2015,223
Living Donor,Illinois,2014,270
Living Donor,Illinois,2013,321
Living Donor,Illinois,2012,329
Living Donor,Illinois,2011,357
Living Donor,Illinois,2010,405
Living Donor,Illinois,2009,374
Living Donor,Illinois,2008,339
Living Donor,Illinois,2007,339
Living Donor,Illinois,2006,426
Living Donor,Illinois,2005,398
Living Donor,Illinois,2004,361
Living Donor,Illinois,2003,361
Living Donor,Illinois,2002,342
Living Donor,Illinois,2001,291
Living Donor,Illinois,2000,252
Living Donor,Illinois,1999,199
Living Donor,Illinois,1998,219
Living Donor,Illinois,1997,175
Living Donor,Illinois,1996,160
Living Donor,Illinois,1995,155
Living Donor,Illinois,1994,142
Living Donor,Illinois,1993,113
Living Donor,Illinois,1992,79
Living Donor,Illinois,1991,98
Living Donor,Illinois,1990,81
Living Donor,Illinois,1989,63
Living Donor,Illinois,1988,67
Living Donor,Indiana,To Date,2751
Living Donor,Indiana,2026,58
Living Donor,Indiana,2025,68
Living Donor,Indiana,2024,80
Living Donor,Indiana,2023,60
Living Donor,Indiana,2022,62
Living Donor,Indiana,2021,74
Living Donor,Indiana,2020,63
Living Donor,Indiana,2019,83
Living Donor,Indiana,2018,93
Living Donor,Indiana,2017,94
Living Donor,Indiana,2016,95
Living Donor,Indiana,2015,85
Living Donor,Indiana,2014,88
Living Donor,Indiana,2013,100
Living Donor,Indiana,2012,89
Living Donor,Indiana,2011,113
Living Donor,Indiana,2010,124
Living Donor,Indiana,2009,134
Living Donor,Indiana,2008,100
Living Donor,Indiana,2007,92
Living Donor,Indiana,2006,107
Living Donor,Indiana,2005,76
Living Donor,Indiana,2004,80
Living Donor,Indiana,2003,59
Living Donor,Indiana,2002,67
Living Donor,Indiana,2001,65
Living Donor,Indiana,2000,61
Living Donor,Indiana,1999,49
Living Donor,Indiana,1998,50
Living Donor,Indiana,1997,45
Living Donor,Indiana,1996,34
Living Donor,Indiana,1995,31
Living Donor,Indiana,1994,29
Living Donor,Indiana,1993,50
Living Donor,Indiana,1992,43
Living Donor,Indiana,1991,33
Living Donor,Indiana,1990,44
Living Donor,Indiana,1989,43
Living Donor,Indiana,1988,30
Living Donor,Iowa,To Date,1605
Living Donor,Iowa,2026,21
Living Donor,Iowa,2025,39
Living Donor,Iowa,2024,55
Living Donor,Iowa,2023,63
Living Donor,Iowa,2022,47
Living Donor,Iowa,2021,56
Living Donor,Iowa,2020,30
Living Donor,Iowa,2019,40
Living Donor,Iowa,2018,39
Living Donor,Iowa,2017,36
Living Donor,Iowa,2016,39
Living Donor,Iowa,2015,38
Living Donor,Iowa,2014,42
Living Donor,Iowa,2013,42
Living Donor,Iowa,2012,45
Living Donor,Iowa,2011,53
Living Donor,Iowa,2010,54
Living Donor,Iowa,2009,53
Living Donor,Iowa,2008,39
Living Donor,Iowa,2007,32
Living Donor,Iowa,2006,39
Living Donor,Iowa,2005,46
Living Donor,Iowa,2004,59
Living Donor,Iowa,2003,62
Living Donor,Iowa,2002,49
Living Donor,Iowa,2001,56
Living Donor,Iowa,2000,62
Living Donor,Iowa,1999,56
Living Donor,Iowa,1998,51
Living Donor,Iowa,1997,34
Living Donor,Iowa,1996,40
Living Donor,Iowa,1995,29
Living Donor,Iowa,1994,39
Living Donor,Iowa,1993,33
Living Donor,Iowa,1992,23
Living Donor,Iowa,1991,22
Living Donor,Iowa,1990,16
Living Donor,Iowa,1989,13
Living Donor,Iowa,1988,13
Living Donor,Kansas,To Date,904
Living Donor,Kansas,2026,21
Living Donor,Kansas,2025,40
Living Donor,Kansas,2024,32
Living Donor,Kansas,2023,36
Living Donor,Kansas,2022,21
Living Donor,Kansas,2021,33
Living Donor,Kansas,2020,28
Living Donor,Kansas,2019,37
Living Donor,Kansas,2018,43
Living Donor,Kansas,2017,26
Living Donor,Kansas,2016,25
Living Donor,Kansas,2015,20
Living Donor,Kansas,2014,22
Living Donor,Kansas,2013,21
Living Donor,Kansas,2012,28
Living Donor,Kansas,2011,18
Living Donor,Kansas,2010,30
Living Donor,Kansas,2009,23
Living Donor,Kansas,2008,30
Living Donor,Kansas,2007,18
Living Donor,Kansas,2006,22
Living Donor,Kansas,2005,25
Living Donor,Kansas,2004,19
Living Donor,Kansas,2003,31
Living Donor,Kansas,2002,27
Living Donor,Kansas,2001,28
Living Donor,Kansas,2000,25
Living Donor,Kansas,1999,24
Living Donor,Kansas,1998,18
Living Donor,Kansas,1997,18
Living Donor,Kansas,1996,17
Living Donor,Kansas,1995,20
Living Donor,Kansas,1994,14
Living Donor,Kansas,1993,13
Living Donor,Kansas,1992,12
Living Donor,Kansas,1991,14
Living Donor,Kansas,1990,7
Living Donor,Kansas,1989,10
Living Donor,Kansas,1988,8
Living Donor,Kentucky,To Date,1491
Living Donor,Kentucky,2026,42
Living Donor,Kentucky,2025,55
Living Donor,Kentucky,2024,61
Living Donor,Kentucky,2023,67
Living Donor,Kentucky,2022,56
Living Donor,Kentucky,2021,53
Living Donor,Kentucky,2020,39
Living Donor,Kentucky,2019,43
Living Donor,Kentucky,2018,55
Living Donor,Kentucky,2017,45
Living Donor,Kentucky,2016,39
Living Donor,Kentucky,2015,38
Living Donor,Kentucky,2014,36
Living Donor,Kentucky,2013,36
Living Donor,Kentucky,2012,26
Living Donor,Kentucky,2011,31
Living Donor,Kentucky,2010,21
Living Donor,Kentucky,2009,34
Living Donor,Kentucky,2008,36
Living Donor,Kentucky,2007,44
Living Donor,Kentucky,2006,26
Living Donor,Kentucky,2005,49
Living Donor,Kentucky,2004,35
Living Donor,Kentucky,2003,38
Living Donor,Kentucky,2002,38
Living Donor,Kentucky,2001,47
Living Donor,Kentucky,2000,41
Living Donor,Kentucky,1999,32
Living Donor,Kentucky,1998,23
Living Donor,Kentucky,1997,30
Living Donor,Kentucky,1996,29
Living Donor,Kentucky,1995,33
Living Donor,Kentucky,1994,29
Living Donor,Kentucky,1993,29
Living Donor,Kentucky,1992,30
Living Donor,Kentucky,1991,35
Living Donor,Kentucky,1990,31
Living Donor,Kentucky,1989,29
Living Donor,Kentucky,1988,30
Living Donor,Louisiana,To Date,2624
Living Donor,Louisiana,2026,68
Living Donor,Louisiana,2025,91
Living Donor,Louisiana,2024,94
Living Donor,Louisiana,2023,99
Living Donor,Louisiana,2022,89
Living Donor,Louisiana,2021,89
Living Donor,Louisiana,2020,62
Living Donor,Louisiana,2019,102
Living Donor,Louisiana,2018,80
Living Donor,Louisiana,2017,93
Living Donor,Louisiana,2016,77
Living Donor,Louisiana,2015,54
Living Donor,Louisiana,2014,69
Living Donor,Louisiana,2013,71
Living Donor,Louisiana,2012,65
Living Donor,Louisiana,2011,68
Living Donor,Louisiana,2010,66
Living Donor,Louisiana,2009,74
Living Donor,Louisiana,2008,67
Living Donor,Louisiana,2007,89
Living Donor,Louisiana,2006,63
Living Donor,Louisiana,2005,70
Living Donor,Louisiana,2004,106
Living Donor,Louisiana,2003,84
Living Donor,Louisiana,2002,70
Living Donor,Louisiana,2001,76
Living Donor,Louisiana,2000,66
Living Donor,Louisiana,1999,56
Living Donor,Louisiana,1998,46
Living Donor,Louisiana,1997,56
Living Donor,Louisiana,1996,51
Living Donor,Louisiana,1995,43
Living Donor,Louisiana,1994,58
Living Donor,Louisiana,1993,46
Living Donor,Louisiana,1992,40
Living Donor,Louisiana,1991,44
Living Donor,Louisiana,1990,25
Living Donor,Louisiana,1989,26
Living Donor,Louisiana,1988,31
Living Donor,Maine,To Date,771
Living Donor,Maine,2026,11
Living Donor,Maine,2025,14
Living Donor,Maine,2024,10
Living Donor,Maine,2023,20
Living Donor,Maine,2022,22
Living Donor,Maine,2021,24
Living Donor,Maine,2020,31
Living Donor,Maine,2019,21
Living Donor,Maine,2018,26
Living Donor,Maine,2017,28
Living Donor,Maine,2016,22
Living Donor,Maine,2015,27
Living Donor,Maine,2014,27
Living Donor,Maine,2013,19
Living Donor,Maine,2012,18
Living Donor,Maine,2011,27
Living Donor,Maine,2010,20
Living Donor,Maine,2009,24
Living Donor,Maine,2008,23
Living Donor,Maine,2007,24
Living Donor,Maine,2006,27
Living Donor,Maine,2005,19
Living Donor,Maine,2004,26
Living Donor,Maine,2003,28
Living Donor,Maine,2002,30
Living Donor,Maine,2001,39
Living Donor,Maine,2000,26
Living Donor,Maine,1999,20
Living Donor,Maine,1998,13
Living Donor,Maine,1997,17
Living Donor,Maine,1996,14
Living Donor,Maine,1995,12
Living Donor,Maine,1994,10
Living Donor,Maine,1993,6
Living Donor,Maine,1992,7
Living Donor,Maine,1991,6
Living Donor,Maine,1990,10
Living Donor,Maine,1989,11
Living Donor,Maine,1988,12
Living Donor,Maryland,To Date,5431
Living Donor,Maryland,2026,79
Living Donor,Maryland,2025,103
Living Donor,Maryland,2024,95
Living Donor,Maryland,2023,115
Living Donor,Maryland,2022,122
Living Donor,Maryland,2021,94
Living Donor,Maryland,2020,91
Living Donor,Maryland,2019,147
Living Donor,Maryland,2018,158
Living Donor,Maryland,2017,135
Living Donor,Maryland,2016,139
Living Donor,Maryland,2015,195
Living Donor,Maryland,2014,189
Living Donor,Maryland,2013,210
Living Donor,Maryland,2012,194
Living Donor,Maryland,2011,154
Living Donor,Maryland,2010,153
Living Donor,Maryland,2009,173
Living Donor,Maryland,2008,156
Living Donor,Maryland,2007,159
Living Donor,Maryland,2006,211
Living Donor,Maryland,2005,196
Living Donor,Maryland,2004,202
Living Donor,Maryland,2003,186
Living Donor,Maryland,2002,202
Living Donor,Maryland,2001,245
Living Donor,Maryland,2000,265
Living Donor,Maryland,1999,248
Living Donor,Maryland,1998,202
Living Donor,Maryland,1997,177
Living Donor,Maryland,1996,115
Living Donor,Maryland,1995,93
Living Donor,Maryland,1994,62
Living Donor,Maryland,1993,58
Living Donor,Maryland,1992,42
Living Donor,Maryland,1991,19
Living Donor,Maryland,1990,13
Living Donor,Maryland,1989,15
Living Donor,Maryland,1988,19
Living Donor,Massachusetts,To Date,7255
Living Donor,Massachusetts,2026,152
Living Donor,Massachusetts,2025,231
Living Donor,Massachusetts,2024,219
Living Donor,Massachusetts,2023,213
Living Donor,Massachusetts,2022,189
Living Donor,Massachusetts,2021,209
Living Donor,Massachusetts,2020,162
Living Donor,Massachusetts,2019,193
Living Donor,Massachusetts,2018,228
Living Donor,Massachusetts,2017,205
Living Donor,Massachusetts,2016,172
Living Donor,Massachusetts,2015,215
Living Donor,Massachusetts,2014,199
Living Donor,Massachusetts,2013,194
Living Donor,Massachusetts,2012,189
Living Donor,Massachusetts,2011,181
Living Donor,Massachusetts,2010,229
Living Donor,Massachusetts,2009,243
Living Donor,Massachusetts,2008,231
Living Donor,Massachusetts,2007,246
Living Donor,Massachusetts,2006,243
Living Donor,Massachusetts,2005,232
Living Donor,Massachusetts,2004,242
Living Donor,Massachusetts,2003,233
Living Donor,Massachusetts,2002,197
Living Donor,Massachusetts,2001,218
Living Donor,Massachusetts,2000,223
Living Donor,Massachusetts,1999,162
Living Donor,Massachusetts,1998,170
Living Donor,Massachusetts,1997,162
Living Donor,Massachusetts,1996,163
Living Donor,Massachusetts,1995,158
Living Donor,Massachusetts,1994,149
Living Donor,Massachusetts,1993,114
Living Donor,Massachusetts,1992,112
Living Donor,Massachusetts,1991,108
Living Donor,Massachusetts,1990,92
Living Donor,Massachusetts,1989,96
Living Donor,Massachusetts,1988,81
Living Donor,Michigan,To Date,7436
Living Donor,Michigan,2026,130
Living Donor,Michigan,2025,177
Living Donor,Michigan,2024,145
Living Donor,Michigan,2023,164
Living Donor,Michigan,2022,144
Living Donor,Michigan,2021,141
Living Donor,Michigan,2020,160
Living Donor,Michigan,2019,201
Living Donor,Michigan,2018,221
Living Donor,Michigan,2017,196
Living Donor,Michigan,2016,219
Living Donor,Michigan,2015,217
Living Donor,Michigan,2014,207
Living Donor,Michigan,2013,223
Living Donor,Michigan,2012,219
Living Donor,Michigan,2011,185
Living Donor,Michigan,2010,209
Living Donor,Michigan,2009,216
Living Donor,Michigan,2008,217
Living Donor,Michigan,2007,227
Living Donor,Michigan,2006,249
Living Donor,Michigan,2005,280
Living Donor,Michigan,2004,284
Living Donor,Michigan,2003,283
Living Donor,Michigan,2002,255
Living Donor,Michigan,2001,236
Living Donor,Michigan,2000,250
Living Donor,Michigan,1999,212
Living Donor,Michigan,1998,197
Living Donor,Michigan,1997,230
Living Donor,Michigan,1996,206
Living Donor,Michigan,1995,177
Living Donor,Michigan,1994,143
Living Donor,Michigan,1993,141
Living Donor,Michigan,1992,130
Living Donor,Michigan,1991,122
Living Donor,Michigan,1990,88
Living Donor,Michigan,1989,81
Living Donor,Michigan,1988,54
Living Donor,Minnesota,To Date,10506
Living Donor,Minnesota,2026,147
Living Donor,Minnesota,2025,246
Living Donor,Minnesota,2024,260
Living Donor,Minnesota,2023,312
Living Donor,Minnesota,2022,270
Living Donor,Minnesota,2021,269
Living Donor,Minnesota,2020,226
Living Donor,Minnesota,2019,301
Living Donor,Minnesota,2018,309
Living Donor,Minnesota,2017,274
Living Donor,Minnesota,2016,304
Living Donor,Minnesota,2015,292
Living Donor,Minnesota,2014,258
Living Donor,Minnesota,2013,262
Living Donor,Minnesota,2012,285
Living Donor,Minnesota,2011,306
Living Donor,Minnesota,2010,314
Living Donor,Minnesota,2009,303
Living Donor,Minnesota,2008,346
Living Donor,Minnesota,2007,361
Living Donor,Minnesota,2006,395
Living Donor,Minnesota,2005,432
Living Donor,Minnesota,2004,413
Living Donor,Minnesota,2003,424
Living Donor,Minnesota,2002,385
Living Donor,Minnesota,2001,420
Living Donor,Minnesota,2000,311
Living Donor,Minnesota,1999,262
Living Donor,Minnesota,1998,207
Living Donor,Minnesota,1997,200
Living Donor,Minnesota,1996,209
Living Donor,Minnesota,1995,196
Living Donor,Minnesota,1994,172
Living Donor,Minnesota,1993,193
Living Donor,Minnesota,1992,142
Living Donor,Minnesota,1991,160
Living Donor,Minnesota,1990,136
Living Donor,Minnesota,1989,114
Living Donor,Minnesota,1988,90
Living Donor,Mississippi,To Date,202
Living Donor,Mississippi,2026,8
Living Donor,Mississippi,2025,18
Living Donor,Mississippi,2024,14
Living Donor,Mississippi,2023,18
Living Donor,Mississippi,2022,16
Living Donor,Mississippi,2021,11
Living Donor,Mississippi,2020,11
Living Donor,Mississippi,2019,9
Living Donor,Mississippi,2018,4
Living Donor,Mississippi,2017,7
Living Donor,Mississippi,2016,8
Living Donor,Mississippi,2015,8
Living Donor,Mississippi,2014,9
Living Donor,Mississippi,2013,4
Living Donor,Mississippi,2012,0
Living Donor,Mississippi,2011,0
Living Donor,Mississippi,2010,5
Living Donor,Mississippi,2009,2
Living Donor,Mississippi,2008,3
Living Donor,Mississippi,2007,3
Living Donor,Mississippi,2006,0
Living Donor,Mississippi,2005,0
Living Donor,Mississippi,2004,0
Living Donor,Mississippi,2003,1
Living Donor,Mississippi,2002,4
Living Donor,Mississippi,2001,2
Living Donor,Mississippi,2000,1
Living Donor,Mississippi,1999,1
Living Donor,Mississippi,1998,7
Living Donor,Mississippi,1997,7
Living Donor,Mississippi,1996,6
Living Donor,Mississippi,1995,4
Living Donor,Mississippi,1994,6
Living Donor,Mississippi,1993,1
Living Donor,Mississippi,1992,2
Living Donor,Mississippi,1991,0
Living Donor,Mississippi,1990,1
Living Donor,Mississippi,1989,1
Living Donor,Mississippi,1988,0
Living Donor,Missouri,To Date,4087
Living Donor,Missouri,2026,92
Living Donor,Missouri,2025,110
Living Donor,Missouri,2024,132
Living Donor,Missouri,2023,105
Living Donor,Missouri,2022,112
Living Donor,Missouri,2021,106
Living Donor,Missouri,2020,99
Living Donor,Missouri,2019,118
Living Donor,Missouri,2018,113
Living Donor,Missouri,2017,109
Living Donor,Missouri,2016,112
Living Donor,Missouri,2015,97
Living Donor,Missouri,2014,93
Living Donor,Missouri,2013,74
Living Donor,Missouri,2012,84
Living Donor,Missouri,2011,91
Living Donor,Missouri,2010,111
Living Donor,Missouri,2009,113
Living Donor,Missouri,2008,107
Living Donor,Missouri,2007,146
Living Donor,Missouri,2006,134
Living Donor,Missouri,2005,143
Living Donor,Missouri,2004,137
Living Donor,Missouri,2003,114
Living Donor,Missouri,2002,106
Living Donor,Missouri,2001,133
Living Donor,Missouri,2000,145
Living Donor,Missouri,1999,143
Living Donor,Missouri,1998,115
Living Donor,Missouri,1997,110
Living Donor,Missouri,1996,85
Living Donor,Missouri,1995,103
Living Donor,Missouri,1994,83
Living Donor,Missouri,1993,80
Living Donor,Missouri,1992,60
Living Donor,Missouri,1991,75
Living Donor,Missouri,1990,66
Living Donor,Missouri,1989,67
Living Donor,Missouri,1988,64
Living Donor,Nebraska,To Date,1499
Living Donor,Nebraska,2026,23
Living Donor,Nebraska,2025,63
Living Donor,Nebraska,2024,59
Living Donor,Nebraska,2023,34
Living Donor,Nebraska,2022,47
Living Donor,Nebraska,2021,35
Living Donor,Nebraska,2020,22
Living Donor,Nebraska,2019,43
Living Donor,Nebraska,2018,40
Living Donor,Nebraska,2017,54
Living Donor,Nebraska,2016,32
Living Donor,Nebraska,2015,36
Living Donor,Nebraska,2014,35
Living Donor,Nebraska,2013,31
Living Donor,Nebraska,2012,36
Living Donor,Nebraska,2011,41
Living Donor,Nebraska,2010,61
Living Donor,Nebraska,2009,58
Living Donor,Nebraska,2008,52
Living Donor,Nebraska,2007,65
Living Donor,Nebraska,2006,76
Living Donor,Nebraska,2005,60
Living Donor,Nebraska,2004,63
Living Donor,Nebraska,2003,54
Living Donor,Nebraska,2002,54
Living Donor,Nebraska,2001,38
Living Donor,Nebraska,2000,36
Living Donor,Nebraska,1999,45
Living Donor,Nebraska,1998,24
Living Donor,Nebraska,1997,28
Living Donor,Nebraska,1996,30
Living Donor,Nebraska,1995,37
Living Donor,Nebraska,1994,19
Living Donor,Nebraska,1993,30
Living Donor,Nebraska,1992,16
Living Donor,Nebraska,1991,9
Living Donor,Nebraska,1990,6
Living Donor,Nebraska,1989,5
Living Donor,Nebraska,1988,2
Living Donor,Nevada,To Date,335
Living Donor,Nevada,2026,5
Living Donor,Nevada,2025,9
Living Donor,Nevada,2024,7
Living Donor,Nevada,2023,4
Living Donor,Nevada,2022,7
Living Donor,Nevada,2021,6
Living Donor,Nevada,2020,4
Living Donor,Nevada,2019,3
Living Donor,Nevada,2018,7
Living Donor,Nevada,2017,7
Living Donor,Nevada,2016,6
Living Donor,Nevada,2015,7
Living Donor,Nevada,2014,5
Living Donor,Nevada,2013,1
Living Donor,Nevada,2012,3
Living Donor,Nevada,2011,5
Living Donor,Nevada,2010,3
Living Donor,Nevada,2009,4
Living Donor,Nevada,2008,5
Living Donor,Nevada,2007,12
Living Donor,Nevada,2006,13
Living Donor,Nevada,2005,20
Living Donor,Nevada,2004,13
Living Donor,Nevada,2003,17
Living Donor,Nevada,2002,18
Living Donor,Nevada,2001,24
Living Donor,Nevada,2000,20
Living Donor,Nevada,1999,16
Living Donor,Nevada,1998,13
Living Donor,Nevada,1997,14
Living Donor,Nevada,1996,11
Living Donor,Nevada,1995,10
Living Donor,Nevada,1994,12
Living Donor,Nevada,1993,5
Living Donor,Nevada,1992,11
Living Donor,Nevada,1991,5
Living Donor,Nevada,1990,3
Living Donor,Nevada,1989,0
Living Donor,Nevada,1988,0
Living Donor,New Hampshire,To Date,500
Living Donor,New Hampshire,2026,4
Living Donor,New Hampshire,2025,12
Living Donor,New Hampshire,2024,7
Living Donor,New Hampshire,2023,15
Living Donor,New Hampshire,2022,12
Living Donor,New Hampshire,2021,16
Living Donor,New Hampshire,2020,10
Living Donor,New Hampshire,2019,13
Living Donor,New Hampshire,2018,15
Living Donor,New Hampshire,2017,15
Living Donor,New Hampshire,2016,26
Living Donor,New Hampshire,2015,22
Living Donor,New Hampshire,2014,19
Living Donor,New Hampshire,2013,20
Living Donor,New Hampshire,2012,20
Living Donor,New Hampshire,2011,22
Living Donor,New Hampshire,2010,26
Living Donor,New Hampshire,2009,22
Living Donor,New Hampshire,2008,18
Living Donor,New Hampshire,2007,25
Living Donor,New Hampshire,2006,18
Living Donor,New Hampshire,2005,17
Living Donor,New Hampshire,2004,18
Living Donor,New Hampshire,2003,10
Living Donor,New Hampshire,2002,15
Living Donor,New Hampshire,2001,14
Living Donor,New Hampshire,2000,12
Living Donor,New Hampshire,1999,9
Living Donor,New Hampshire,1998,6
Living Donor,New Hampshire,1997,10
Living Donor,New Hampshire,1996,16
Living Donor,New Hampshire,1995,4
Living Donor,New Hampshire,1994,8
Living Donor,New Hampshire,1993,3
Living Donor,New Hampshire,1992,1
Living Donor,New Hampshire,1991,0
Living Donor,New Hampshire,1990,0
Living Donor,New Hampshire,1989,0
Living Donor,New Hampshire,1988,0
Living Donor,New Jersey,To Date,5174
Living Donor,New Jersey,2026,113
Living Donor,New Jersey,2025,160
Living Donor,New Jersey,2024,144
Living Donor,New Jersey,2023,195
Living Donor,New Jersey,2022,210
Living Donor,New Jersey,2021,220
Living Donor,New Jersey,2020,148
Living Donor,New Jersey,2019,213
Living Donor,New Jersey,2018,187
Living Donor,New Jersey,2017,189
Living Donor,New Jersey,2016,187
Living Donor,New Jersey,2015,167
Living Donor,New Jersey,2014,167
Living Donor,New Jersey,2013,170
Living Donor,New Jersey,2012,189
Living Donor,New Jersey,2011,190
Living Donor,New Jersey,2010,197
Living Donor,New Jersey,2009,191
Living Donor,New Jersey,2008,157
Living Donor,New Jersey,2007,183
Living Donor,New Jersey,2006,171
Living Donor,New Jersey,2005,198
Living Donor,New Jersey,2004,186
Living Donor,New Jersey,2003,173
Living Donor,New Jersey,2002,171
Living Donor,New Jersey,2001,165
Living Donor,New Jersey,2000,146
Living Donor,New Jersey,1999,123
Living Donor,New Jersey,1998,70
Living Donor,New Jersey,1997,58
Living Donor,New Jersey,1996,42
Living Donor,New Jersey,1995,30
Living Donor,New Jersey,1994,19
Living Donor,New Jersey,1993,12
Living Donor,New Jersey,1992,6
Living Donor,New Jersey,1991,13
Living Donor,New Jersey,1990,5
Living Donor,New Jersey,1989,5
Living Donor,New Jersey,1988,4
Living Donor,New Mexico,To Date,596
Living Donor,New Mexico,2026,11
Living Donor,New Mexico,2025,12
Living Donor,New Mexico,2024,12
Living Donor,New Mexico,2023,14
Living Donor,New Mexico,2022,15
Living Donor,New Mexico,2021,11
Living Donor,New Mexico,2020,11
Living Donor,New Mexico,2019,15
Living Donor,New Mexico,2018,10
Living Donor,New Mexico,2017,13
Living Donor,New Mexico,2016,20
Living Donor,New Mexico,2015,8
Living Donor,New Mexico,2014,16
Living Donor,New Mexico,2013,22
Living Donor,New Mexico,2012,16
Living Donor,New Mexico,2011,16
Living Donor,New Mexico,2010,16
Living Donor,New Mexico,2009,23
Living Donor,New Mexico,2008,23
Living Donor,New Mexico,2007,18
Living Donor,New Mexico,2006,21
Living Donor,New Mexico,2005,17
Living Donor,New Mexico,2004,28
Living Donor,New Mexico,2003,20
Living Donor,New Mexico,2002,30
Living Donor,New Mexico,2001,29
Living Donor,New Mexico,2000,25
Living Donor,New Mexico,1999,25
Living Donor,New Mexico,1998,15
Living Donor,New Mexico,1997,11
Living Donor,New Mexico,1996,15
Living Donor,New Mexico,1995,20
Living Donor,New Mexico,1994,2
Living Donor,New Mexico,1993,1
Living Donor,New Mexico,1992,5
Living Donor,New Mexico,1991,7
Living Donor,New Mexico,1990,10
Living Donor,New Mexico,1989,2
Living Donor,New Mexico,1988,11
Living Donor,New York,To Date,17614
Living Donor,New York,2026,428
Living Donor,New York,2025,622
Living Donor,New York,2024,610
Living Donor,New York,2023,584
Living Donor,New York,2022,560
Living Donor,New York,2021,599
Living Donor,New York,2020,491
Living Donor,New York,2019,715
Living Donor,New York,2018,704
Living Donor,New York,2017,548
Living Donor,New York,2016,537
Living Donor,New York,2015,543
Living Donor,New York,2014,546
Living Donor,New York,2013,495
Living Donor,New York,2012,471
Living Donor,New York,2011,531
Living Donor,New York,2010,545
Living Donor,New York,2009,590
Living Donor,New York,2008,588
Living Donor,New York,2007,544
Living Donor,New York,2006,542
Living Donor,New York,2005,587
Living Donor,New York,2004,532
Living Donor,New York,2003,511
Living Donor,New York,2002,536
Living Donor,New York,2001,613
Living Donor,New York,2000,507
Living Donor,New York,1999,372
Living Donor,New York,1998,334
Living Donor,New York,1997,290
Living Donor,New York,1996,240
Living Donor,New York,1995,231
Living Donor,New York,1994,195
Living Donor,New York,1993,169
Living Donor,New York,1992,161
Living Donor,New York,1991,140
Living Donor,New York,1990,153
Living Donor,New York,1989,119
Living Donor,New York,1988,131
Living Donor,North Carolina,To Date,4936
Living Donor,North Carolina,2026,125
Living Donor,North Carolina,2025,194
Living Donor,North Carolina,2024,151
Living Donor,North Carolina,2023,157
Living Donor,North Carolina,2022,161
Living Donor,North Carolina,2021,164
Living Donor,North Carolina,2020,140
Living Donor,North Carolina,2019,164
Living Donor,North Carolina,2018,147
Living Donor,North Carolina,2017,139
Living Donor,North Carolina,2016,119
Living Donor,North Carolina,2015,132
Living Donor,North Carolina,2014,152
Living Donor,North Carolina,2013,108
Living Donor,North Carolina,2012,125
Living Donor,North Carolina,2011,129
Living Donor,North Carolina,2010,131
Living Donor,North Carolina,2009,113
Living Donor,North Carolina,2008,115
Living Donor,North Carolina,2007,120
Living Donor,North Carolina,2006,124
Living Donor,North Carolina,2005,155
Living Donor,North Carolina,2004,171
Living Donor,North Carolina,2003,190
Living Donor,North Carolina,2002,165
Living Donor,North Carolina,2001,164
Living Donor,North Carolina,2000,138
Living Donor,North Carolina,1999,142
Living Donor,North Carolina,1998,140
Living Donor,North Carolina,1997,112
Living Donor,North Carolina,1996,104
Living Donor,North Carolina,1995,86
Living Donor,North Carolina,1994,89
Living Donor,North Carolina,1993,61
Living Donor,North Carolina,1992,60
Living Donor,North Carolina,1991,91
Living Donor,North Carolina,1990,59
Living Donor,North Carolina,1989,46
Living Donor,North Carolina,1988,53
Living Donor,North Dakota,To Date,619
Living Donor,North Dakota,2026,4
Living Donor,North Dakota,2025,6
Living Donor,North Dakota,2024,10
Living Donor,North Dakota,2023,15
Living Donor,North Dakota,2022,16
Living Donor,North Dakota,2021,10
Living Donor,North Dakota,2020,11
Living Donor,North Dakota,2019,15
Living Donor,North Dakota,2018,20
Living Donor,North Dakota,2017,17
Living Donor,North Dakota,2016,14
Living Donor,North Dakota,2015,16
Living Donor,North Dakota,2014,17
Living Donor,North Dakota,2013,18
Living Donor,North Dakota,2012,14
Living Donor,North Dakota,2011,21
Living Donor,North Dakota,2010,19
Living Donor,North Dakota,2009,24
Living Donor,North Dakota,2008,15
Living Donor,North Dakota,2007,20
Living Donor,North Dakota,2006,26
Living Donor,North Dakota,2005,26
Living Donor,North Dakota,2004,24
Living Donor,North Dakota,2003,37
Living Donor,North Dakota,2002,22
Living Donor,North Dakota,2001,32
Living Donor,North Dakota,2000,12
Living Donor,North Dakota,1999,16
Living Donor,North Dakota,1998,18
Living Donor,North Dakota,1997,9
Living Donor,North Dakota,1996,21
Living Donor,North Dakota,1995,15
Living Donor,North Dakota,1994,13
Living Donor,North Dakota,1993,13
Living Donor,North Dakota,1992,10
Living Donor,North Dakota,1991,8
Living Donor,North Dakota,1990,6
Living Donor,North Dakota,1989,8
Living Donor,North Dakota,1988,1
Living Donor,Ohio,To Date,9859
Living Donor,Ohio,2026,181
Living Donor,Ohio,2025,281
Living Donor,Ohio,2024,243
Living Donor,Ohio,2023,246
Living Donor,Ohio,2022,262
Living Donor,Ohio,2021,279
Living Donor,Ohio,2020,272
Living Donor,Ohio,2019,352
Living Donor,Ohio,2018,298
Living Donor,Ohio,2017,275
Living Donor,Ohio,2016,277
Living Donor,Ohio,2015,248
Living Donor,Ohio,2014,295
Living Donor,Ohio,2013,340
Living Donor,Ohio,2012,332
Living Donor,Ohio,2011,281
Living Donor,Ohio,2010,315
Living Donor,Ohio,2009,315
Living Donor,Ohio,2008,300
Living Donor,Ohio,2007,322
Living Donor,Ohio,2006,406
Living Donor,Ohio,2005,399
Living Donor,Ohio,2004,384
Living Donor,Ohio,2003,332
Living Donor,Ohio,2002,383
Living Donor,Ohio,2001,334
Living Donor,Ohio,2000,296
Living Donor,Ohio,1999,177
Living Donor,Ohio,1998,167
Living Donor,Ohio,1997,177
Living Donor,Ohio,1996,178
Living Donor,Ohio,1995,148
Living Donor,Ohio,1994,133
Living Donor,Ohio,1993,122
Living Donor,Ohio,1992,115
Living Donor,Ohio,1991,102
Living Donor,Ohio,1990,100
Living Donor,Ohio,1989,99
Living Donor,Ohio,1988,93
Living Donor,Oklahoma,To Date,1319
Living Donor,Oklahoma,2026,26
Living Donor,Oklahoma,2025,44
Living Donor,Oklahoma,2024,40
Living Donor,Oklahoma,2023,42
Living Donor,Oklahoma,2022,32
Living Donor,Oklahoma,2021,31
Living Donor,Oklahoma,2020,29
Living Donor,Oklahoma,2019,53
Living Donor,Oklahoma,2018,45
Living Donor,Oklahoma,2017,43
Living Donor,Oklahoma,2016,36
Living Donor,Oklahoma,2015,41
Living Donor,Oklahoma,2014,38
Living Donor,Oklahoma,2013,51
Living Donor,Oklahoma,2012,42
Living Donor,Oklahoma,2011,45
Living Donor,Oklahoma,2010,53
Living Donor,Oklahoma,2009,40
Living Donor,Oklahoma,2008,26
Living Donor,Oklahoma,2007,25
Living Donor,Oklahoma,2006,17
Living Donor,Oklahoma,2005,24
Living Donor,Oklahoma,2004,23
Living Donor,Oklahoma,2003,44
Living Donor,Oklahoma,2002,45
Living Donor,Oklahoma,2001,37
Living Donor,Oklahoma,2000,22
Living Donor,Oklahoma,1999,25
Living Donor,Oklahoma,1998,28
Living Donor,Oklahoma,1997,22
Living Donor,Oklahoma,1996,21
Living Donor,Oklahoma,1995,28
Living Donor,Oklahoma,1994,22
Living Donor,Oklahoma,1993,32
Living Donor,Oklahoma,1992,22
Living Donor,Oklahoma,1991,35
Living Donor,Oklahoma,1990,27
Living Donor,Oklahoma,1989,24
Living Donor,Oklahoma,1988,39
Living Donor,Oregon,To Date,2382
Living Donor,Oregon,2026,48
Living Donor,Oregon,2025,50
Living Donor,Oregon,2024,38
Living Donor,Oregon,2023,43
Living Donor,Oregon,2022,41
Living Donor,Oregon,2021,71
Living Donor,Oregon,2020,47
Living Donor,Oregon,2019,70
Living Donor,Oregon,2018,68
Living Donor,Oregon,2017,67
Living Donor,Oregon,2016,68
Living Donor,Oregon,2015,60
Living Donor,Oregon,2014,60
Living Donor,Oregon,2013,50
Living Donor,Oregon,2012,66
Living Donor,Oregon,2011,66
Living Donor,Oregon,2010,76
Living Donor,Oregon,2009,86
Living Donor,Oregon,2008,93
Living Donor,Oregon,2007,83
Living Donor,Oregon,2006,79
Living Donor,Oregon,2005,95
Living Donor,Oregon,2004,82
Living Donor,Oregon,2003,130
Living Donor,Oregon,2002,119
Living Donor,Oregon,2001,104
Living Donor,Oregon,2000,86
Living Donor,Oregon,1999,59
Living Donor,Oregon,1998,52
Living Donor,Oregon,1997,51
Living Donor,Oregon,1996,38
Living Donor,Oregon,1995,40
Living Donor,Oregon,1994,24
Living Donor,Oregon,1993,31
Living Donor,Oregon,1992,35
Living Donor,Oregon,1991,32
Living Donor,Oregon,1990,22
Living Donor,Oregon,1989,22
Living Donor,Oregon,1988,30
Living Donor,Pennsylvania,To Date,11913
Living Donor,Pennsylvania,2026,344
Living Donor,Pennsylvania,2025,490
Living Donor,Pennsylvania,2024,539
Living Donor,Pennsylvania,2023,500
Living Donor,Pennsylvania,2022,424
Living Donor,Pennsylvania,2021,402
Living Donor,Pennsylvania,2020,410
Living Donor,Pennsylvania,2019,475
Living Donor,Pennsylvania,2018,408
Living Donor,Pennsylvania,2017,399
Living Donor,Pennsylvania,2016,331
Living Donor,Pennsylvania,2015,353
Living Donor,Pennsylvania,2014,324
Living Donor,Pennsylvania,2013,365
Living Donor,Pennsylvania,2012,305
Living Donor,Pennsylvania,2011,283
Living Donor,Pennsylvania,2010,328
Living Donor,Pennsylvania,2009,349
Living Donor,Pennsylvania,2008,313
Living Donor,Pennsylvania,2007,333
Living Donor,Pennsylvania,2006,390
Living Donor,Pennsylvania,2005,376
Living Donor,Pennsylvania,2004,416
Living Donor,Pennsylvania,2003,390
Living Donor,Pennsylvania,2002,345
Living Donor,Pennsylvania,2001,308
Living Donor,Pennsylvania,2000,285
Living Donor,Pennsylvania,1999,198
Living Donor,Pennsylvania,1998,178
Living Donor,Pennsylvania,1997,182
Living Donor,Pennsylvania,1996,180
Living Donor,Pennsylvania,1995,150
Living Donor,Pennsylvania,1994,139
Living Donor,Pennsylvania,1993,158
Living Donor,Pennsylvania,1992,130
Living Donor,Pennsylvania,1991,127
Living Donor,Pennsylvania,1990,95
Living Donor,Pennsylvania,1989,94
Living Donor,Pennsylvania,1988,97
Living Donor,Puerto Rico,To Date,613
Living Donor,Puerto Rico,2026,2
Living Donor,Puerto Rico,2025,7
Living Donor,Puerto Rico,2024,10
Living Donor,Puerto Rico,2023,11
Living Donor,Puerto Rico,2022,5
Living Donor,Puerto Rico,2021,5
Living Donor,Puerto Rico,2020,6
Living Donor,Puerto Rico,2019,9
Living Donor,Puerto Rico,2018,5
Living Donor,Puerto Rico,2017,7
Living Donor,Puerto Rico,2016,9
Living Donor,Puerto Rico,2015,6
Living Donor,Puerto Rico,2014,11
Living Donor,Puerto Rico,2013,7
Living Donor,Puerto Rico,2012,4
Living Donor,Puerto Rico,2011,2
Living Donor,Puerto Rico,2010,11
Living Donor,Puerto Rico,2009,11
Living Donor,Puerto Rico,2008,19
Living Donor,Puerto Rico,2007,9
Living Donor,Puerto Rico,2006,14
Living Donor,Puerto Rico,2005,22
Living Donor,Puerto Rico,2004,24
Living Donor,Puerto Rico,2003,28
Living Donor,Puerto Rico,2002,26
Living Donor,Puerto Rico,2001,32
Living Donor,Puerto Rico,2000,31
Living Donor,Puerto Rico,1999,24
Living Donor,Puerto Rico,1998,31
Living Donor,Puerto Rico,1997,26
Living Donor,Puerto Rico,1996,18
Living Donor,Puerto Rico,1995,25
Living Donor,Puerto Rico,1994,19
Living Donor,Puerto Rico,1993,24
Living Donor,Puerto Rico,1992,29
Living Donor,Puerto Rico,1991,27
Living Donor,Puerto Rico,1990,22
Living Donor,Puerto Rico,1989,23
Living Donor,Puerto Rico,1988,12
Living Donor,Rhode Island,To Date,670
Living Donor,Rhode Island,2026,10
Living Donor,Rhode Island,2025,19
Living Donor,Rhode Island,2024,14
Living Donor,Rhode Island,2023,17
Living Donor,Rhode Island,2022,26
Living Donor,Rhode Island,2021,16
Living Donor,Rhode Island,2020,17
Living Donor,Rhode Island,2019,28
Living Donor,Rhode Island,2018,21
Living Donor,Rhode Island,2017,9
Living Donor,Rhode Island,2016,22
Living Donor,Rhode Island,2015,6
Living Donor,Rhode Island,2014,16
Living Donor,Rhode Island,2013,13
Living Donor,Rhode Island,2012,25
Living Donor,Rhode Island,2011,18
Living Donor,Rhode Island,2010,25
Living Donor,Rhode Island,2009,19
Living Donor,Rhode Island,2008,23
Living Donor,Rhode Island,2007,24
Living Donor,Rhode Island,2006,31
Living Donor,Rhode Island,2005,34
Living Donor,Rhode Island,2004,36
Living Donor,Rhode Island,2003,32
Living Donor,Rhode Island,2002,37
Living Donor,Rhode Island,2001,42
Living Donor,Rhode Island,2000,32
Living Donor,Rhode Island,1999,24
Living Donor,Rhode Island,1998,25
Living Donor,Rhode Island,1997,9
Living Donor,Rhode Island,1996,0
Living Donor,Rhode Island,1995,0
Living Donor,Rhode Island,1994,0
Living Donor,Rhode Island,1993,0
Living Donor,Rhode Island,1992,0
Living Donor,Rhode Island,1991,0
Living Donor,Rhode Island,1990,0
Living Donor,Rhode Island,1989,0
Living Donor,Rhode Island,1988,0
Living Donor,South Carolina,To Date,1375
Living Donor,South Carolina,2026,57
Living Donor,South Carolina,2025,79
Living Donor,South Carolina,2024,82
Living Donor,South Carolina,2023,63
Living Donor,South Carolina,2022,62
Living Donor,South Carolina,2021,52
Living Donor,South Carolina,2020,42
Living Donor,South Carolina,2019,51
Living Donor,South Carolina,2018,42
Living Donor,South Carolina,2017,36
Living Donor,South Carolina,2016,30
Living Donor,South Carolina,2015,31
Living Donor,South Carolina,2014,27
Living Donor,South Carolina,2013,24
Living Donor,South Carolina,2012,27
Living Donor,South Carolina,2011,28
Living Donor,South Carolina,2010,37
Living Donor,South Carolina,2009,33
Living Donor,South Carolina,2008,36
Living Donor,South Carolina,2007,39
Living Donor,South Carolina,2006,33
Living Donor,South Carolina,2005,32
Living Donor,South Carolina,2004,20
Living Donor,South Carolina,2003,26
Living Donor,South Carolina,2002,25
Living Donor,South Carolina,2001,31
Living Donor,South Carolina,2000,31
Living Donor,South Carolina,1999,50
Living Donor,South Carolina,1998,41
Living Donor,South Carolina,1997,34
Living Donor,South Carolina,1996,26
Living Donor,South Carolina,1995,17
Living Donor,South Carolina,1994,28
Living Donor,South Carolina,1993,23
Living Donor,South Carolina,1992,27
Living Donor,South Carolina,1991,12
Living Donor,South Carolina,1990,16
Living Donor,South Carolina,1989,13
Living Donor,South Carolina,1988,12
Living Donor,South Dakota,To Date,452
Living Donor,South Dakota,2026,6
Living Donor,South Dakota,2025,12
Living Donor,South Dakota,2024,15
Living Donor,South Dakota,2023,19
Living Donor,South Dakota,2022,23
Living Donor,South Dakota,2021,33
Living Donor,South Dakota,2020,12
Living Donor,South Dakota,2019,28
Living Donor,South Dakota,2018,17
Living Donor,South Dakota,2017,20
Living Donor,South Dakota,2016,13
Living Donor,South Dakota,2015,12
Living Donor,South Dakota,2014,11
Living Donor,South Dakota,2013,7
Living Donor,South Dakota,2012,15
Living Donor,South Dakota,2011,21
Living Donor,South Dakota,2010,14
Living Donor,South Dakota,2009,11
Living Donor,South Dakota,2008,8
Living Donor,South Dakota,2007,13
Living Donor,South Dakota,2006,18
Living Donor,South Dakota,2005,24
Living Donor,South Dakota,2004,23
Living Donor,South Dakota,2003,21
Living Donor,South Dakota,2002,9
Living Donor,South Dakota,2001,7
Living Donor,South Dakota,2000,8
Living Donor,South Dakota,1999,9
Living Donor,South Dakota,1998,1
Living Donor,South Dakota,1997,0
Living Donor,South Dakota,1996,6
Living Donor,South Dakota,1995,4
Living Donor,South Dakota,1994,8
Living Donor,South Dakota,1993,4
Living Donor,South Dakota,1992,0
Living Donor,South Dakota,1991,0
Living Donor,South Dakota,1990,0
Living Donor,South Dakota,1989,0
Living Donor,South Dakota,1988,0
Living Donor,Tennessee,To Date,4308
Living Donor,Tennessee,2026,77
Living Donor,Tennessee,2025,124
Living Donor,Tennessee,2024,122
Living Donor,Tennessee,2023,106
Living Donor,Tennessee,2022,139
Living Donor,Tennessee,2021,122
Living Donor,Tennessee,2020,109
Living Donor,Tennessee,2019,142
Living Donor,Tennessee,2018,119
Living Donor,Tennessee,2017,127
Living Donor,Tennessee,2016,90
Living Donor,Tennessee,2015,98
Living Donor,Tennessee,2014,93
Living Donor,Tennessee,2013,108
Living Donor,Tennessee,2012,125
Living Donor,Tennessee,2011,137
Living Donor,Tennessee,2010,101
Living Donor,Tennessee,2009,122
Living Donor,Tennessee,2008,101
Living Donor,Tennessee,2007,122
Living Donor,Tennessee,2006,146
Living Donor,Tennessee,2005,162
Living Donor,Tennessee,2004,148
Living Donor,Tennessee,2003,167
Living Donor,Tennessee,2002,147
Living Donor,Tennessee,2001,135
Living Donor,Tennessee,2000,121
Living Donor,Tennessee,1999,114
Living Donor,Tennessee,1998,116
Living Donor,Tennessee,1997,107
Living Donor,Tennessee,1996,89
Living Donor,Tennessee,1995,79
Living Donor,Tennessee,1994,73
Living Donor,Tennessee,1993,79
Living Donor,Tennessee,1992,87
Living Donor,Tennessee,1991,80
Living Donor,Tennessee,1990,67
Living Donor,Tennessee,1989,67
Living Donor,Tennessee,1988,40
Living Donor,Texas,To Date,16761
Living Donor,Texas,2026,641
Living Donor,Texas,2025,945
Living Donor,Texas,2024,805
Living Donor,Texas,2023,872
Living Donor,Texas,2022,728
Living Donor,Texas,2021,744
Living Donor,Texas,2020,675
Living Donor,Texas,2019,766
Living Donor,Texas,2018,640
Living Donor,Texas,2017,494
Living Donor,Texas,2016,552
Living Donor,Texas,2015,547
Living Donor,Texas,2014,461
Living Donor,Texas,2013,478
Living Donor,Texas,2012,462
Living Donor,Texas,2011,480
Living Donor,Texas,2010,542
Living Donor,Texas,2009,521
Living Donor,Texas,2008,419
Living Donor,Texas,2007,341
Living Donor,Texas,2006,356
Living Donor,Texas,2005,340
Living Donor,Texas,2004,343
Living Donor,Texas,2003,360
Living Donor,Texas,2002,369
Living Donor,Texas,2001,292
Living Donor,Texas,2000,326
Living Donor,Texas,1999,260
Living Donor,Texas,1998,271
Living Donor,Texas,1997,202
Living Donor,Texas,1996,223
Living Donor,Texas,1995,183
Living Donor,Texas,1994,171
Living Donor,Texas,1993,187
Living Donor,Texas,1992,200
Living Donor,Texas,1991,162
Living Donor,Texas,1990,157
Living Donor,Texas,1989,127
Living Donor,Texas,1988,119
Living Donor,Utah,To Date,3141
Living Donor,Utah,2026,103
Living Donor,Utah,2025,149
Living Donor,Utah,2024,141
Living Donor,Utah,2023,134
Living Donor,Utah,2022,116
Living Donor,Utah,2021,114
Living Donor,Utah,2020,98
Living Donor,Utah,2019,132
Living Donor,Utah,2018,98
Living Donor,Utah,2017,103
Living Donor,Utah,2016,71
Living Donor,Utah,2015,76
Living Donor,Utah,2014,76
Living Donor,Utah,2013,72
Living Donor,Utah,2012,62
Living Donor,Utah,2011,69
Living Donor,Utah,2010,71
Living Donor,Utah,2009,81
Living Donor,Utah,2008,81
Living Donor,Utah,2007,93
Living Donor,Utah,2006,100
Living Donor,Utah,2005,66
Living Donor,Utah,2004,93
Living Donor,Utah,2003,92
Living Donor,Utah,2002,77
Living Donor,Utah,2001,79
Living Donor,Utah,2000,69
Living Donor,Utah,1999,74
Living Donor,Utah,1998,85
Living Donor,Utah,1997,62
Living Donor,Utah,1996,63
Living Donor,Utah,1995,48
Living Donor,Utah,1994,50
Living Donor,Utah,1993,53
Living Donor,Utah,1992,42
Living Donor,Utah,1991,47
Living Donor,Utah,1990,34
Living Donor,Utah,1989,30
Living Donor,Utah,1988,37
Living Donor,Vermont,To Date,233
Living Donor,Vermont,2026,0
Living Donor,Vermont,2025,2
Living Donor,Vermont,2024,7
Living Donor,Vermont,2023,4
Living Donor,Vermont,2022,3
Living Donor,Vermont,2021,0
Living Donor,Vermont,2020,0
Living Donor,Vermont,2019,3
Living Donor,Vermont,2018,1
Living Donor,Vermont,2017,4
Living Donor,Vermont,2016,4
Living Donor,Vermont,2015,0
Living Donor,Vermont,2014,6
Living Donor,Vermont,2013,5
Living Donor,Vermont,2012,9
Living Donor,Vermont,2011,7
Living Donor,Vermont,2010,6
Living Donor,Vermont,2009,7
Living Donor,Vermont,2008,17
Living Donor,Vermont,2007,16
Living Donor,Vermont,2006,12
Living Donor,Vermont,2005,14
Living Donor,Vermont,2004,10
Living Donor,Vermont,2003,12
Living Donor,Vermont,2002,0
Living Donor,Vermont,2001,4
Living Donor,Vermont,2000,8
Living Donor,Vermont,1999,7
Living Donor,Vermont,1998,9
Living Donor,Vermont,1997,11
Living Donor,Vermont,1996,6
Living Donor,Vermont,1995,10
Living Donor,Vermont,1994,6
Living Donor,Vermont,1993,0
Living Donor,Vermont,1992,0
Living Donor,Vermont,1991,4
Living Donor,Vermont,1990,8
Living Donor,Vermont,1989,3
Living Donor,Vermont,1988,8
Living Donor,Virginia,To Date,5364
Living Donor,Virginia,2026,118
Living Donor,Virginia,2025,186
Living Donor,Virginia,2024,165
Living Donor,Virginia,2023,159
Living Donor,Virginia,2022,165
Living Donor,Virginia,2021,201
Living Donor,Virginia,2020,169
Living Donor,Virginia,2019,173
Living Donor,Virginia,2018,155
Living Donor,Virginia,2017,162
Living Donor,Virginia,2016,139
Living Donor,Virginia,2015,125
Living Donor,Virginia,2014,150
Living Donor,Virginia,2013,143
Living Donor,Virginia,2012,149
Living Donor,Virginia,2011,171
Living Donor,Virginia,2010,153
Living Donor,Virginia,2009,177
Living Donor,Virginia,2008,184
Living Donor,Virginia,2007,180
Living Donor,Virginia,2006,208
Living Donor,Virginia,2005,220
Living Donor,Virginia,2004,222
Living Donor,Virginia,2003,187
Living Donor,Virginia,2002,186
Living Donor,Virginia,2001,189
Living Donor,Virginia,2000,187
Living Donor,Virginia,1999,160
Living Donor,Virginia,1998,115
Living Donor,Virginia,1997,87
Living Donor,Virginia,1996,83
Living Donor,Virginia,1995,74
Living Donor,Virginia,1994,45
Living Donor,Virginia,1993,35
Living Donor,Virginia,1992,38
Living Donor,Virginia,1991,20
Living Donor,Virginia,1990,32
Living Donor,Virginia,1989,31
Living Donor,Virginia,1988,21
Living Donor,Washington,To Date,4027
Living Donor,Washington,2026,65
Living Donor,Washington,2025,100
Living Donor,Washington,2024,100
Living Donor,Washington,2023,117
Living Donor,Washington,2022,139
Living Donor,Washington,2021,116
Living Donor,Washington,2020,83
Living Donor,Washington,2019,121
Living Donor,Washington,2018,100
Living Donor,Washington,2017,92
Living Donor,Washington,2016,105
Living Donor,Washington,2015,93
Living Donor,Washington,2014,110
Living Donor,Washington,2013,123
Living Donor,Washington,2012,114
Living Donor,Washington,2011,115
Living Donor,Washington,2010,142
Living Donor,Washington,2009,114
Living Donor,Washington,2008,114
Living Donor,Washington,2007,104
Living Donor,Washington,2006,113
Living Donor,Washington,2005,128
Living Donor,Washington,2004,129
Living Donor,Washington,2003,136
Living Donor,Washington,2002,145
Living Donor,Washington,2001,154
Living Donor,Washington,2000,135
Living Donor,Washington,1999,135
Living Donor,Washington,1998,116
Living Donor,Washington,1997,90
Living Donor,Washington,1996,81
Living Donor,Washington,1995,87
Living Donor,Washington,1994,87
Living Donor,Washington,1993,55
Living Donor,Washington,1992,54
Living Donor,Washington,1991,56
Living Donor,Washington,1990,48
Living Donor,Washington,1989,51
Living Donor,Washington,1988,60
Living Donor,West Virginia,To Date,381
Living Donor,West Virginia,2026,5
Living Donor,West Virginia,2025,5
Living Donor,West Virginia,2024,8
Living Donor,West Virginia,2023,9
Living Donor,West Virginia,2022,0
Living Donor,West Virginia,2021,3
Living Donor,West Virginia,2020,3
Living Donor,West Virginia,2019,8
Living Donor,West Virginia,2018,12
Living Donor,West Virginia,2017,4
Living Donor,West Virginia,2016,6
Living Donor,West Virginia,2015,3
Living Donor,West Virginia,2014,4
Living Donor,West Virginia,2013,2
Living Donor,West Virginia,2012,2
Living Donor,West Virginia,2011,8
Living Donor,West Virginia,2010,6
Living Donor,West Virginia,2009,5
Living Donor,West Virginia,2008,12
Living Donor,West Virginia,2007,9
Living Donor,West Virginia,2006,15
Living Donor,West Virginia,2005,17
Living Donor,West Virginia,2004,17
Living Donor,West Virginia,2003,21
Living Donor,West Virginia,2002,20
Living Donor,West Virginia,2001,20
Living Donor,West Virginia,2000,19
Living Donor,West Virginia,1999,20
Living Donor,West Virginia,1998,17
Living Donor,West Virginia,1997,14
Living Donor,West Virginia,1996,15
Living Donor,West Virginia,1995,7
Living Donor,West Virginia,1994,8
Living Donor,West Virginia,1993,10
Living Donor,West Virginia,1992,6
Living Donor,West Virginia,1991,10
Living Donor,West Virginia,1990,10
Living Donor,West Virginia,1989,11
Living Donor,West Virginia,1988,10
Living Donor,Wisconsin,To Date,5337
Living Donor,Wisconsin,2026,120
Living Donor,Wisconsin,2025,199
Living Donor,Wisconsin,2024,175
Living Donor,Wisconsin,2023,131
Living Donor,Wisconsin,2022,97
Living Donor,Wisconsin,2021,124
Living Donor,Wisconsin,2020,143
Living Donor,Wisconsin,2019,172
Living Donor,Wisconsin,2018,156
Living Donor,Wisconsin,2017,155
Living Donor,Wisconsin,2016,158
Living Donor,Wisconsin,2015,156
Living Donor,Wisconsin,2014,136
Living Donor,Wisconsin,2013,134
Living Donor,Wisconsin,2012,125
Living Donor,Wisconsin,2011,138
Living Donor,Wisconsin,2010,130
Living Donor,Wisconsin,2009,137
Living Donor,Wisconsin,2008,156
Living Donor,Wisconsin,2007,152
Living Donor,Wisconsin,2006,184
Living Donor,Wisconsin,2005,182
Living Donor,Wisconsin,2004,199
Living Donor,Wisconsin,2003,159
Living Donor,Wisconsin,2002,213
Living Donor,Wisconsin,2001,165
Living Donor,Wisconsin,2000,145
Living Donor,Wisconsin,1999,125
Living Donor,Wisconsin,1998,139
Living Donor,Wisconsin,1997,132
Living Donor,Wisconsin,1996,152
Living Donor,Wisconsin,1995,93
Living Donor,Wisconsin,1994,89
Living Donor,Wisconsin,1993,84
Living Donor,Wisconsin,1992,85
Living Donor,Wisconsin,1991,79
Living Donor,Wisconsin,1990,71
Living Donor,Wisconsin,1989,64
Living Donor,Wisconsin,1988,83
