group,row,column,value
Deceased Donor,All Centers,All Regions,3057
Deceased Donor,All Centers,Region  1,173
Deceased Donor,All Centers,Region  2,276
Deceased Donor,All Centers,Region  3,408
Deceased Donor,All Centers,Region  4,313
Deceased Donor,All Centers,Region  5,475
Deceased Donor,All Centers,Region  6,70
Deceased Donor,All Centers,Region  7,233
Deceased Donor,All Centers,Region  8,214
Deceased Donor,All Centers,Region  9,222
Deceased Donor,All Centers,Region  10,204
Deceased Donor,All Centers,Region  11,469
Deceased Donor,ALCH-TX1 Children's of Alabama,All Regions,6
Deceased Donor,ALCH-TX1 Children's of Alabama,Region  1,0
Deceased Donor,ALCH-TX1 Children's of Alabama,Region  2,0
Deceased Donor,ALCH-TX1 Children's of Alabama,Region  3,6
Deceased Donor,ALCH-TX1 Children's of Alabama,Region  4,0
Deceased Donor,ALCH-TX1 Children's of Alabama,Region  5,0
Deceased Donor,ALCH-TX1 Children's of Alabama,Region  6,0
Deceased Donor,ALCH-TX1 Children's of Alabama,Region  7,0
Deceased Donor,ALCH-TX1 Children's of Alabama,Region  8,0
Deceased Donor,ALCH-TX1 Children's of Alabama,Region  9,0
Deceased Donor,ALCH-TX1 Children's of Alabama,Region  10,0
Deceased Donor,ALCH-TX1 Children's of Alabama,Region  11,0
Deceased Donor,ALUA-TX1 University of Alabama Hospital,All Regions,18
Deceased Donor,ALUA-TX1 University of Alabama Hospital,Region  1,0
Deceased Donor,ALUA-TX1 University of Alabama Hospital,Region  2,0
Deceased Donor,ALUA-TX1 University of Alabama Hospital,Region  3,18
Deceased Donor,ALUA-TX1 University of Alabama Hospital,Region  4,0
Deceased Donor,ALUA-TX1 University of Alabama Hospital,Region  5,0
Deceased Donor,ALUA-TX1 University of Alabama Hospital,Region  6,0
Deceased Donor,ALUA-TX1 University of Alabama Hospital,Region  7,0
Deceased Donor,ALUA-TX1 University of Alabama Hospital,Region  8,0
Deceased Donor,ALUA-TX1 University of Alabama Hospital,Region  9,0
Deceased Donor,ALUA-TX1 University of Alabama Hospital,Region  10,0
Deceased Donor,ALUA-TX1 University of Alabama Hospital,Region  11,0
Deceased Donor,ARBH-TX1 Baptist Medical Center,All Regions,2
Deceased Donor,ARBH-TX1 Baptist Medical Center,Region  1,0
Deceased Donor,ARBH-TX1 Baptist Medical Center,Region  2,0
Deceased Donor,ARBH-TX1 Baptist Medical Center,Region  3,2
Deceased Donor,ARBH-TX1 Baptist Medical Center,Region  4,0
Deceased Donor,ARBH-TX1 Baptist Medical Center,Region  5,0
Deceased Donor,ARBH-TX1 Baptist Medical Center,Region  6,0
Deceased Donor,ARBH-TX1 Baptist Medical Center,Region  7,0
Deceased Donor,ARBH-TX1 Baptist Medical Center,Region  8,0
Deceased Donor,ARBH-TX1 Baptist Medical Center,Region  9,0
Deceased Donor,ARBH-TX1 Baptist Medical Center,Region  10,0
Deceased Donor,ARBH-TX1 Baptist Medical Center,Region  11,0
Deceased Donor,ARCH-TX1 Arkansas Children's Hospital,All Regions,3
Deceased Donor,ARCH-TX1 Arkansas Children's Hospital,Region  1,0
Deceased Donor,ARCH-TX1 Arkansas Children's Hospital,Region  2,0
Deceased Donor,ARCH-TX1 Arkansas Children's Hospital,Region  3,3
Deceased Donor,ARCH-TX1 Arkansas Children's Hospital,Region  4,0
Deceased Donor,ARCH-TX1 Arkansas Children's Hospital,Region  5,0
Deceased Donor,ARCH-TX1 Arkansas Children's Hospital,Region  6,0
Deceased Donor,ARCH-TX1 Arkansas Children's Hospital,Region  7,0
Deceased Donor,ARCH-TX1 Arkansas Children's Hospital,Region  8,0
Deceased Donor,ARCH-TX1 Arkansas Children's Hospital,Region  9,0
Deceased Donor,ARCH-TX1 Arkansas Children's Hospital,Region  10,0
Deceased Donor,ARCH-TX1 Arkansas Children's Hospital,Region  11,0
Deceased Donor,AZCH-TX1 Phoenix Children's Hospital,All Regions,3
Deceased Donor,AZCH-TX1 Phoenix Children's Hospital,Region  1,0
Deceased Donor,AZCH-TX1 Phoenix Children's Hospital,Region  2,0
Deceased Donor,AZCH-TX1 Phoenix Children's Hospital,Region  3,0
Deceased Donor,AZCH-TX1 Phoenix Children's Hospital,Region  4,0
Deceased Donor,AZCH-TX1 Phoenix Children's Hospital,Region  5,3
Deceased Donor,AZCH-TX1 Phoenix Children's Hospital,Region  6,0
Deceased Donor,AZCH-TX1 Phoenix Children's Hospital,Region  7,0
Deceased Donor,AZCH-TX1 Phoenix Children's Hospital,Region  8,0
Deceased Donor,AZCH-TX1 Phoenix Children's Hospital,Region  9,0
Deceased Donor,AZCH-TX1 Phoenix Children's Hospital,Region  10,0
Deceased Donor,AZCH-TX1 Phoenix Children's Hospital,Region  11,0
Deceased Donor,AZGS-TX1 Banner-University Medical Center Phoenix,All Regions,14
Deceased Donor,AZGS-TX1 Banner-University Medical Center Phoenix,Region  1,0
Deceased Donor,AZGS-TX1 Banner-University Medical Center Phoenix,Region  2,0
Deceased Donor,AZGS-TX1 Banner-University Medical Center Phoenix,Region  3,0
Deceased Donor,AZGS-TX1 Banner-University Medical Center Phoenix,Region  4,0
Deceased Donor,AZGS-TX1 Banner-University Medical Center Phoenix,Region  5,14
Deceased Donor,AZGS-TX1 Banner-University Medical Center Phoenix,Region  6,0
Deceased Donor,AZGS-TX1 Banner-University Medical Center Phoenix,Region  7,0
Deceased Donor,AZGS-TX1 Banner-University Medical Center Phoenix,Region  8,0
Deceased Donor,AZGS-TX1 Banner-University Medical Center Phoenix,Region  9,0
Deceased Donor,AZGS-TX1 Banner-University Medical Center Phoenix,Region  10,0
Deceased Donor,AZGS-TX1 Banner-University Medical Center Phoenix,Region  11,0
Deceased Donor,AZMC-TX1 Mayo Clinic Hospital Arizona,All Regions,14
Deceased Donor,AZMC-TX1 Mayo Clinic Hospital Arizona,Region  1,0
Deceased Donor,AZMC-TX1 Mayo Clinic Hospital Arizona,Region  2,0
Deceased Donor,AZMC-TX1 Mayo Clinic Hospital Arizona,Region  3,0
Deceased Donor,AZMC-TX1 Mayo Clinic Hospital Arizona,Region  4,0
Deceased Donor,AZMC-TX1 Mayo Clinic Hospital Arizona,Region  5,14
Deceased Donor,AZMC-TX1 Mayo Clinic Hospital Arizona,Region  6,0
Deceased Donor,AZMC-TX1 Mayo Clinic Hospital Arizona,Region  7,0
Deceased Donor,AZMC-TX1 Mayo Clinic Hospital Arizona,Region  8,0
Deceased Donor,AZMC-TX1 Mayo Clinic Hospital Arizona,Region  9,0
Deceased Donor,AZMC-TX1 Mayo Clinic Hospital Arizona,Region  10,0
Deceased Donor,AZMC-TX1 Mayo Clinic Hospital Arizona,Region  11,0
Deceased Donor,CACH-TX1 Rady Children's Hospital and Health Center,All Regions,3
Deceased Donor,CACH-TX1 Rady Children's Hospital and Health Center,Region  1,0
Deceased Donor,CACH-TX1 Rady Children's Hospital and Health Center,Region  2,0
Deceased Donor,CACH-TX1 Rady Children's Hospital and Health Center,Region  3,0
Deceased Donor,CACH-TX1 Rady Children's Hospital and Health Center,Region  4,0
Deceased Donor,CACH-TX1 Rady Children's Hospital and Health Center,Region  5,3
Deceased Donor,CACH-TX1 Rady Children's Hospital and Health Center,Region  6,0
Deceased Donor,CACH-TX1 Rady Children's Hospital and Health Center,Region  7,0
Deceased Donor,CACH-TX1 Rady Children's Hospital and Health Center,Region  8,0
Deceased Donor,CACH-TX1 Rady Children's Hospital and Health Center,Region  9,0
Deceased Donor,CACH-TX1 Rady Children's Hospital and Health Center,Region  10,0
Deceased Donor,CACH-TX1 Rady Children's Hospital and Health Center,Region  11,0
Deceased Donor,CACL-TX1 Children's Hospital Los Angeles,All Regions,4
Deceased Donor,CACL-TX1 Children's Hospital Los Angeles,Region  1,0
Deceased Donor,CACL-TX1 Children's Hospital Los Angeles,Region  2,0
Deceased Donor,CACL-TX1 Children's Hospital Los Angeles,Region  3,0
Deceased Donor,CACL-TX1 Children's Hospital Los Angeles,Region  4,0
Deceased Donor,CACL-TX1 Children's Hospital Los Angeles,Region  5,4
Deceased Donor,CACL-TX1 Children's Hospital Los Angeles,Region  6,0
Deceased Donor,CACL-TX1 Children's Hospital Los Angeles,Region  7,0
Deceased Donor,CACL-TX1 Children's Hospital Los Angeles,Region  8,0
Deceased Donor,CACL-TX1 Children's Hospital Los Angeles,Region  9,0
Deceased Donor,CACL-TX1 Children's Hospital Los Angeles,Region  10,0
Deceased Donor,CACL-TX1 Children's Hospital Los Angeles,Region  11,0
Deceased Donor,CACS-TX1 Cedars-Sinai Medical Center,All Regions,84
Deceased Donor,CACS-TX1 Cedars-Sinai Medical Center,Region  1,0
Deceased Donor,CACS-TX1 Cedars-Sinai Medical Center,Region  2,0
Deceased Donor,CACS-TX1 Cedars-Sinai Medical Center,Region  3,0
Deceased Donor,CACS-TX1 Cedars-Sinai Medical Center,Region  4,0
Deceased Donor,CACS-TX1 Cedars-Sinai Medical Center,Region  5,84
Deceased Donor,CACS-TX1 Cedars-Sinai Medical Center,Region  6,0
Deceased Donor,CACS-TX1 Cedars-Sinai Medical Center,Region  7,0
Deceased Donor,CACS-TX1 Cedars-Sinai Medical Center,Region  8,0
Deceased Donor,CACS-TX1 Cedars-Sinai Medical Center,Region  9,0
Deceased Donor,CACS-TX1 Cedars-Sinai Medical Center,Region  10,0
Deceased Donor,CACS-TX1 Cedars-Sinai Medical Center,Region  11,0
Deceased Donor,CALL-TX1 Loma Linda University Medical Center,All Regions,15
Deceased Donor,CALL-TX1 Loma Linda University Medical Center,Region  1,0
Deceased Donor,CALL-TX1 Loma Linda University Medical Center,Region  2,0
Deceased Donor,CALL-TX1 Loma Linda University Medical Center,Region  3,0
Deceased Donor,CALL-TX1 Loma Linda University Medical Center,Region  4,0
Deceased Donor,CALL-TX1 Loma Linda University Medical Center,Region  5,15
Deceased Donor,CALL-TX1 Loma Linda University Medical Center,Region  6,0
Deceased Donor,CALL-TX1 Loma Linda University Medical Center,Region  7,0
Deceased Donor,CALL-TX1 Loma Linda University Medical Center,Region  8,0
Deceased Donor,CALL-TX1 Loma Linda University Medical Center,Region  9,0
Deceased Donor,CALL-TX1 Loma Linda University Medical Center,Region  10,0
Deceased Donor,CALL-TX1 Loma Linda University Medical Center,Region  11,0
Deceased Donor,CAMB-TX1 UCSF Medical Center at Mission Bay,All Regions,3
Deceased Donor,CAMB-TX1 UCSF Medical Center at Mission Bay,Region  1,0
Deceased Donor,CAMB-TX1 UCSF Medical Center at Mission Bay,Region  2,0
Deceased Donor,CAMB-TX1 UCSF Medical Center at Mission Bay,Region  3,0
Deceased Donor,CAMB-TX1 UCSF Medical Center at Mission Bay,Region  4,0
Deceased Donor,CAMB-TX1 UCSF Medical Center at Mission Bay,Region  5,3
Deceased Donor,CAMB-TX1 UCSF Medical Center at Mission Bay,Region  6,0
Deceased Donor,CAMB-TX1 UCSF Medical Center at Mission Bay,Region  7,0
Deceased Donor,CAMB-TX1 UCSF Medical Center at Mission Bay,Region  8,0
Deceased Donor,CAMB-TX1 UCSF Medical Center at Mission Bay,Region  9,0
Deceased Donor,CAMB-TX1 UCSF Medical Center at Mission Bay,Region  10,0
Deceased Donor,CAMB-TX1 UCSF Medical Center at Mission Bay,Region  11,0
Deceased Donor,CAPC-TX1 Lucile Salter Packard Children's Hospital at Stanford,All Regions,13
Deceased Donor,CAPC-TX1 Lucile Salter Packard Children's Hospital at Stanford,Region  1,0
Deceased Donor,CAPC-TX1 Lucile Salter Packard Children's Hospital at Stanford,Region  2,0
Deceased Donor,CAPC-TX1 Lucile Salter Packard Children's Hospital at Stanford,Region  3,0
Deceased Donor,CAPC-TX1 Lucile Salter Packard Children's Hospital at Stanford,Region  4,0
Deceased Donor,CAPC-TX1 Lucile Salter Packard Children's Hospital at Stanford,Region  5,13
Deceased Donor,CAPC-TX1 Lucile Salter Packard Children's Hospital at Stanford,Region  6,0
Deceased Donor,CAPC-TX1 Lucile Salter Packard Children's Hospital at Stanford,Region  7,0
Deceased Donor,CAPC-TX1 Lucile Salter Packard Children's Hospital at Stanford,Region  8,0
Deceased Donor,CAPC-TX1 Lucile Salter Packard Children's Hospital at Stanford,Region  9,0
Deceased Donor,CAPC-TX1 Lucile Salter Packard Children's Hospital at Stanford,Region  10,0
Deceased Donor,CAPC-TX1 Lucile Salter Packard Children's Hospital at Stanford,Region  11,0
Deceased Donor,CAPM-TX1 California Pacific Medical Center-Van Ness Campus,All Regions,13
Deceased Donor,CAPM-TX1 California Pacific Medical Center-Van Ness Campus,Region  1,0
Deceased Donor,CAPM-TX1 California Pacific Medical Center-Van Ness Campus,Region  2,0
Deceased Donor,CAPM-TX1 California Pacific Medical Center-Van Ness Campus,Region  3,0
Deceased Donor,CAPM-TX1 California Pacific Medical Center-Van Ness Campus,Region  4,0
Deceased Donor,CAPM-TX1 California Pacific Medical Center-Van Ness Campus,Region  5,13
Deceased Donor,CAPM-TX1 California Pacific Medical Center-Van Ness Campus,Region  6,0
Deceased Donor,CAPM-TX1 California Pacific Medical Center-Van Ness Campus,Region  7,0
Deceased Donor,CAPM-TX1 California Pacific Medical Center-Van Ness Campus,Region  8,0
Deceased Donor,CAPM-TX1 California Pacific Medical Center-Van Ness Campus,Region  9,0
Deceased Donor,CAPM-TX1 California Pacific Medical Center-Van Ness Campus,Region  10,0
Deceased Donor,CAPM-TX1 California Pacific Medical Center-Van Ness Campus,Region  11,0
Deceased Donor,CASD-TX1 University of California San Diego Medical Center,All Regions,41
Deceased Donor,CASD-TX1 University of California San Diego Medical Center,Region  1,0
Deceased Donor,CASD-TX1 University of California San Diego Medical Center,Region  2,0
Deceased Donor,CASD-TX1 University of California San Diego Medical Center,Region  3,0
Deceased Donor,CASD-TX1 University of California San Diego Medical Center,Region  4,0
Deceased Donor,CASD-TX1 University of California San Diego Medical Center,Region  5,41
Deceased Donor,CASD-TX1 University of California San Diego Medical Center,Region  6,0
Deceased Donor,CASD-TX1 University of California San Diego Medical Center,Region  7,0
Deceased Donor,CASD-TX1 University of California San Diego Medical Center,Region  8,0
Deceased Donor,CASD-TX1 University of California San Diego Medical Center,Region  9,0
Deceased Donor,CASD-TX1 University of California San Diego Medical Center,Region  10,0
Deceased Donor,CASD-TX1 University of California San Diego Medical Center,Region  11,0
Deceased Donor,CASF-TX1 University of California San Francisco Medical Center,All Regions,70
Deceased Donor,CASF-TX1 University of California San Francisco Medical Center,Region  1,0
Deceased Donor,CASF-TX1 University of California San Francisco Medical Center,Region  2,0
Deceased Donor,CASF-TX1 University of California San Francisco Medical Center,Region  3,0
Deceased Donor,CASF-TX1 University of California San Francisco Medical Center,Region  4,0
Deceased Donor,CASF-TX1 University of California San Francisco Medical Center,Region  5,70
Deceased Donor,CASF-TX1 University of California San Francisco Medical Center,Region  6,0
Deceased Donor,CASF-TX1 University of California San Francisco Medical Center,Region  7,0
Deceased Donor,CASF-TX1 University of California San Francisco Medical Center,Region  8,0
Deceased Donor,CASF-TX1 University of California San Francisco Medical Center,Region  9,0
Deceased Donor,CASF-TX1 University of California San Francisco Medical Center,Region  10,0
Deceased Donor,CASF-TX1 University of California San Francisco Medical Center,Region  11,0
Deceased Donor,CASG-TX1 Sutter Medical Center Sacramento,All Regions,8
Deceased Donor,CASG-TX1 Sutter Medical Center Sacramento,Region  1,0
Deceased Donor,CASG-TX1 Sutter Medical Center Sacramento,Region  2,0
Deceased Donor,CASG-TX1 Sutter Medical Center Sacramento,Region  3,0
Deceased Donor,CASG-TX1 Sutter Medical Center Sacramento,Region  4,0
Deceased Donor,CASG-TX1 Sutter Medical Center Sacramento,Region  5,8
Deceased Donor,CASG-TX1 Sutter Medical Center Sacramento,Region  6,0
Deceased Donor,CASG-TX1 Sutter Medical Center Sacramento,Region  7,0
Deceased Donor,CASG-TX1 Sutter Medical Center Sacramento,Region  8,0
Deceased Donor,CASG-TX1 Sutter Medical Center Sacramento,Region  9,0
Deceased Donor,CASG-TX1 Sutter Medical Center Sacramento,Region  10,0
Deceased Donor,CASG-TX1 Sutter Medical Center Sacramento,Region  11,0
Deceased Donor,CASH-TX1 Sharp Memorial Hospital,All Regions,10
Deceased Donor,CASH-TX1 Sharp Memorial Hospital,Region  1,0
Deceased Donor,CASH-TX1 Sharp Memorial Hospital,Region  2,0
Deceased Donor,CASH-TX1 Sharp Memorial Hospital,Region  3,0
Deceased Donor,CASH-TX1 Sharp Memorial Hospital,Region  4,0
Deceased Donor,CASH-TX1 Sharp Memorial Hospital,Region  5,10
Deceased Donor,CASH-TX1 Sharp Memorial Hospital,Region  6,0
Deceased Donor,CASH-TX1 Sharp Memorial Hospital,Region  7,0
Deceased Donor,CASH-TX1 Sharp Memorial Hospital,Region  8,0
Deceased Donor,CASH-TX1 Sharp Memorial Hospital,Region  9,0
Deceased Donor,CASH-TX1 Sharp Memorial Hospital,Region  10,0
Deceased Donor,CASH-TX1 Sharp Memorial Hospital,Region  11,0
Deceased Donor,CASU-TX1 Stanford Health Care,All Regions,40
Deceased Donor,CASU-TX1 Stanford Health Care,Region  1,0
Deceased Donor,CASU-TX1 Stanford Health Care,Region  2,0
Deceased Donor,CASU-TX1 Stanford Health Care,Region  3,0
Deceased Donor,CASU-TX1 Stanford Health Care,Region  4,0
Deceased Donor,CASU-TX1 Stanford Health Care,Region  5,40
Deceased Donor,CASU-TX1 Stanford Health Care,Region  6,0
Deceased Donor,CASU-TX1 Stanford Health Care,Region  7,0
Deceased Donor,CASU-TX1 Stanford Health Care,Region  8,0
Deceased Donor,CASU-TX1 Stanford Health Care,Region  9,0
Deceased Donor,CASU-TX1 Stanford Health Care,Region  10,0
Deceased Donor,CASU-TX1 Stanford Health Care,Region  11,0
Deceased Donor,CAUC-TX1 University of California at Los Angeles Medical Center,All Regions,60
Deceased Donor,CAUC-TX1 University of California at Los Angeles Medical Center,Region  1,0
Deceased Donor,CAUC-TX1 University of California at Los Angeles Medical Center,Region  2,0
Deceased Donor,CAUC-TX1 University of California at Los Angeles Medical Center,Region  3,0
Deceased Donor,CAUC-TX1 University of California at Los Angeles Medical Center,Region  4,0
Deceased Donor,CAUC-TX1 University of California at Los Angeles Medical Center,Region  5,60
Deceased Donor,CAUC-TX1 University of California at Los Angeles Medical Center,Region  6,0
Deceased Donor,CAUC-TX1 University of California at Los Angeles Medical Center,Region  7,0
Deceased Donor,CAUC-TX1 University of California at Los Angeles Medical Center,Region  8,0
Deceased Donor,CAUC-TX1 University of California at Los Angeles Medical Center,Region  9,0
Deceased Donor,CAUC-TX1 University of California at Los Angeles Medical Center,Region  10,0
Deceased Donor,CAUC-TX1 University of California at Los Angeles Medical Center,Region  11,0
Deceased Donor,CAUH-TX1 Keck Hospital of USC,All Regions,12
Deceased Donor,CAUH-TX1 Keck Hospital of USC,Region  1,0
Deceased Donor,CAUH-TX1 Keck Hospital of USC,Region  2,0
Deceased Donor,CAUH-TX1 Keck Hospital of USC,Region  3,0
Deceased Donor,CAUH-TX1 Keck Hospital of USC,Region  4,0
Deceased Donor,CAUH-TX1 Keck Hospital of USC,Region  5,12
Deceased Donor,CAUH-TX1 Keck Hospital of USC,Region  6,0
Deceased Donor,CAUH-TX1 Keck Hospital of USC,Region  7,0
Deceased Donor,CAUH-TX1 Keck Hospital of USC,Region  8,0
Deceased Donor,CAUH-TX1 Keck Hospital of USC,Region  9,0
Deceased Donor,CAUH-TX1 Keck Hospital of USC,Region  10,0
Deceased Donor,CAUH-TX1 Keck Hospital of USC,Region  11,0
Deceased Donor,COCH-TX1 Children's Hospital Colorado,All Regions,11
Deceased Donor,COCH-TX1 Children's Hospital Colorado,Region  1,0
Deceased Donor,COCH-TX1 Children's Hospital Colorado,Region  2,0
Deceased Donor,COCH-TX1 Children's Hospital Colorado,Region  3,0
Deceased Donor,COCH-TX1 Children's Hospital Colorado,Region  4,0
Deceased Donor,COCH-TX1 Children's Hospital Colorado,Region  5,0
Deceased Donor,COCH-TX1 Children's Hospital Colorado,Region  6,0
Deceased Donor,COCH-TX1 Children's Hospital Colorado,Region  7,0
Deceased Donor,COCH-TX1 Children's Hospital Colorado,Region  8,11
Deceased Donor,COCH-TX1 Children's Hospital Colorado,Region  9,0
Deceased Donor,COCH-TX1 Children's Hospital Colorado,Region  10,0
Deceased Donor,COCH-TX1 Children's Hospital Colorado,Region  11,0
Deceased Donor,COUC-TX1 University of Colorado Hospital/Health Science Center,All Regions,62
Deceased Donor,COUC-TX1 University of Colorado Hospital/Health Science Center,Region  1,0
Deceased Donor,COUC-TX1 University of Colorado Hospital/Health Science Center,Region  2,0
Deceased Donor,COUC-TX1 University of Colorado Hospital/Health Science Center,Region  3,0
Deceased Donor,COUC-TX1 University of Colorado Hospital/Health Science Center,Region  4,0
Deceased Donor,COUC-TX1 University of Colorado Hospital/Health Science Center,Region  5,0
Deceased Donor,COUC-TX1 University of Colorado Hospital/Health Science Center,Region  6,0
Deceased Donor,COUC-TX1 University of Colorado Hospital/Health Science Center,Region  7,0
Deceased Donor,COUC-TX1 University of Colorado Hospital/Health Science Center,Region  8,62
Deceased Donor,COUC-TX1 University of Colorado Hospital/Health Science Center,Region  9,0
Deceased Donor,COUC-TX1 University of Colorado Hospital/Health Science Center,Region  10,0
Deceased Donor,COUC-TX1 University of Colorado Hospital/Health Science Center,Region  11,0
Deceased Donor,CTHH-TX1 Hartford Hospital,All Regions,21
Deceased Donor,CTHH-TX1 Hartford Hospital,Region  1,21
Deceased Donor,CTHH-TX1 Hartford Hospital,Region  2,0
Deceased Donor,CTHH-TX1 Hartford Hospital,Region  3,0
Deceased Donor,CTHH-TX1 Hartford Hospital,Region  4,0
Deceased Donor,CTHH-TX1 Hartford Hospital,Region  5,0
Deceased Donor,CTHH-TX1 Hartford Hospital,Region  6,0
Deceased Donor,CTHH-TX1 Hartford Hospital,Region  7,0
Deceased Donor,CTHH-TX1 Hartford Hospital,Region  8,0
Deceased Donor,CTHH-TX1 Hartford Hospital,Region  9,0
Deceased Donor,CTHH-TX1 Hartford Hospital,Region  10,0
Deceased Donor,CTHH-TX1 Hartford Hospital,Region  11,0
Deceased Donor,CTYN-TX1 Yale New Haven Hospital,All Regions,14
Deceased Donor,CTYN-TX1 Yale New Haven Hospital,Region  1,14
Deceased Donor,CTYN-TX1 Yale New Haven Hospital,Region  2,0
Deceased Donor,CTYN-TX1 Yale New Haven Hospital,Region  3,0
Deceased Donor,CTYN-TX1 Yale New Haven Hospital,Region  4,0
Deceased Donor,CTYN-TX1 Yale New Haven Hospital,Region  5,0
Deceased Donor,CTYN-TX1 Yale New Haven Hospital,Region  6,0
Deceased Donor,CTYN-TX1 Yale New Haven Hospital,Region  7,0
Deceased Donor,CTYN-TX1 Yale New Haven Hospital,Region  8,0
Deceased Donor,CTYN-TX1 Yale New Haven Hospital,Region  9,0
Deceased Donor,CTYN-TX1 Yale New Haven Hospital,Region  10,0
Deceased Donor,CTYN-TX1 Yale New Haven Hospital,Region  11,0
Deceased Donor,DCCH-TX1 Children's National Medical Center,All Regions,4
Deceased Donor,DCCH-TX1 Children's National Medical Center,Region  1,0
Deceased Donor,DCCH-TX1 Children's National Medical Center,Region  2,4
Deceased Donor,DCCH-TX1 Children's National Medical Center,Region  3,0
Deceased Donor,DCCH-TX1 Children's National Medical Center,Region  4,0
Deceased Donor,DCCH-TX1 Children's National Medical Center,Region  5,0
Deceased Donor,DCCH-TX1 Children's National Medical Center,Region  6,0
Deceased Donor,DCCH-TX1 Children's National Medical Center,Region  7,0
Deceased Donor,DCCH-TX1 Children's National Medical Center,Region  8,0
Deceased Donor,DCCH-TX1 Children's National Medical Center,Region  9,0
Deceased Donor,DCCH-TX1 Children's National Medical Center,Region  10,0
Deceased Donor,DCCH-TX1 Children's National Medical Center,Region  11,0
Deceased Donor,DCWH-TX1 Washington Hospital Center,All Regions,33
Deceased Donor,DCWH-TX1 Washington Hospital Center,Region  1,0
Deceased Donor,DCWH-TX1 Washington Hospital Center,Region  2,33
Deceased Donor,DCWH-TX1 Washington Hospital Center,Region  3,0
Deceased Donor,DCWH-TX1 Washington Hospital Center,Region  4,0
Deceased Donor,DCWH-TX1 Washington Hospital Center,Region  5,0
Deceased Donor,DCWH-TX1 Washington Hospital Center,Region  6,0
Deceased Donor,DCWH-TX1 Washington Hospital Center,Region  7,0
Deceased Donor,DCWH-TX1 Washington Hospital Center,Region  8,0
Deceased Donor,DCWH-TX1 Washington Hospital Center,Region  9,0
Deceased Donor,DCWH-TX1 Washington Hospital Center,Region  10,0
Deceased Donor,DCWH-TX1 Washington Hospital Center,Region  11,0
Deceased Donor,DEAI-TX1 Nemours Children's Hospital Delaware,All Regions,1
Deceased Donor,DEAI-TX1 Nemours Children's Hospital Delaware,Region  1,0
Deceased Donor,DEAI-TX1 Nemours Children's Hospital Delaware,Region  2,1
Deceased Donor,DEAI-TX1 Nemours Children's Hospital Delaware,Region  3,0
Deceased Donor,DEAI-TX1 Nemours Children's Hospital Delaware,Region  4,0
Deceased Donor,DEAI-TX1 Nemours Children's Hospital Delaware,Region  5,0
Deceased Donor,DEAI-TX1 Nemours Children's Hospital Delaware,Region  6,0
Deceased Donor,DEAI-TX1 Nemours Children's Hospital Delaware,Region  7,0
Deceased Donor,DEAI-TX1 Nemours Children's Hospital Delaware,Region  8,0
Deceased Donor,DEAI-TX1 Nemours Children's Hospital Delaware,Region  9,0
Deceased Donor,DEAI-TX1 Nemours Children's Hospital Delaware,Region  10,0
Deceased Donor,DEAI-TX1 Nemours Children's Hospital Delaware,Region  11,0
Deceased Donor,FLAC-TX1 Johns Hopkins All Children's Hospital,All Regions,2
Deceased Donor,FLAC-TX1 Johns Hopkins All Children's Hospital,Region  1,0
Deceased Donor,FLAC-TX1 Johns Hopkins All Children's Hospital,Region  2,0
Deceased Donor,FLAC-TX1 Johns Hopkins All Children's Hospital,Region  3,2
Deceased Donor,FLAC-TX1 Johns Hopkins All Children's Hospital,Region  4,0
Deceased Donor,FLAC-TX1 Johns Hopkins All Children's Hospital,Region  5,0
Deceased Donor,FLAC-TX1 Johns Hopkins All Children's Hospital,Region  6,0
Deceased Donor,FLAC-TX1 Johns Hopkins All Children's Hospital,Region  7,0
Deceased Donor,FLAC-TX1 Johns Hopkins All Children's Hospital,Region  8,0
Deceased Donor,FLAC-TX1 Johns Hopkins All Children's Hospital,Region  9,0
Deceased Donor,FLAC-TX1 Johns Hopkins All Children's Hospital,Region  10,0
Deceased Donor,FLAC-TX1 Johns Hopkins All Children's Hospital,Region  11,0
Deceased Donor,FLCC-TX1 Cleveland Clinic Florida Weston,All Regions,21
Deceased Donor,FLCC-TX1 Cleveland Clinic Florida Weston,Region  1,0
Deceased Donor,FLCC-TX1 Cleveland Clinic Florida Weston,Region  2,0
Deceased Donor,FLCC-TX1 Cleveland Clinic Florida Weston,Region  3,21
Deceased Donor,FLCC-TX1 Cleveland Clinic Florida Weston,Region  4,0
Deceased Donor,FLCC-TX1 Cleveland Clinic Florida Weston,Region  5,0
Deceased Donor,FLCC-TX1 Cleveland Clinic Florida Weston,Region  6,0
Deceased Donor,FLCC-TX1 Cleveland Clinic Florida Weston,Region  7,0
Deceased Donor,FLCC-TX1 Cleveland Clinic Florida Weston,Region  8,0
Deceased Donor,FLCC-TX1 Cleveland Clinic Florida Weston,Region  9,0
Deceased Donor,FLCC-TX1 Cleveland Clinic Florida Weston,Region  10,0
Deceased Donor,FLCC-TX1 Cleveland Clinic Florida Weston,Region  11,0
Deceased Donor,FLFH-TX1 AdventHealth Orlando,All Regions,37
Deceased Donor,FLFH-TX1 AdventHealth Orlando,Region  1,0
Deceased Donor,FLFH-TX1 AdventHealth Orlando,Region  2,0
Deceased Donor,FLFH-TX1 AdventHealth Orlando,Region  3,37
Deceased Donor,FLFH-TX1 AdventHealth Orlando,Region  4,0
Deceased Donor,FLFH-TX1 AdventHealth Orlando,Region  5,0
Deceased Donor,FLFH-TX1 AdventHealth Orlando,Region  6,0
Deceased Donor,FLFH-TX1 AdventHealth Orlando,Region  7,0
Deceased Donor,FLFH-TX1 AdventHealth Orlando,Region  8,0
Deceased Donor,FLFH-TX1 AdventHealth Orlando,Region  9,0
Deceased Donor,FLFH-TX1 AdventHealth Orlando,Region  10,0
Deceased Donor,FLFH-TX1 AdventHealth Orlando,Region  11,0
Deceased Donor,FLJD-TX1 Memorial Regional Hospital/Joe DiMaggio Children's Hospital,All Regions,3
Deceased Donor,FLJD-TX1 Memorial Regional Hospital/Joe DiMaggio Children's Hospital,Region  1,0
Deceased Donor,FLJD-TX1 Memorial Regional Hospital/Joe DiMaggio Children's Hospital,Region  2,0
Deceased Donor,FLJD-TX1 Memorial Regional Hospital/Joe DiMaggio Children's Hospital,Region  3,3
Deceased Donor,FLJD-TX1 Memorial Regional Hospital/Joe DiMaggio Children's Hospital,Region  4,0
Deceased Donor,FLJD-TX1 Memorial Regional Hospital/Joe DiMaggio Children's Hospital,Region  5,0
Deceased Donor,FLJD-TX1 Memorial Regional Hospital/Joe DiMaggio Children's Hospital,Region  6,0
Deceased Donor,FLJD-TX1 Memorial Regional Hospital/Joe DiMaggio Children's Hospital,Region  7,0
Deceased Donor,FLJD-TX1 Memorial Regional Hospital/Joe DiMaggio Children's Hospital,Region  8,0
Deceased Donor,FLJD-TX1 Memorial Regional Hospital/Joe DiMaggio Children's Hospital,Region  9,0
Deceased Donor,FLJD-TX1 Memorial Regional Hospital/Joe DiMaggio Children's Hospital,Region  10,0
Deceased Donor,FLJD-TX1 Memorial Regional Hospital/Joe DiMaggio Children's Hospital,Region  11,0
Deceased Donor,FLJM-TX1 Jackson Memorial Hospital University of Miami School of Medicine,All Regions,8
Deceased Donor,FLJM-TX1 Jackson Memorial Hospital University of Miami School of Medicine,Region  1,0
Deceased Donor,FLJM-TX1 Jackson Memorial Hospital University of Miami School of Medicine,Region  2,0
Deceased Donor,FLJM-TX1 Jackson Memorial Hospital University of Miami School of Medicine,Region  3,8
Deceased Donor,FLJM-TX1 Jackson Memorial Hospital University of Miami School of Medicine,Region  4,0
Deceased Donor,FLJM-TX1 Jackson Memorial Hospital University of Miami School of Medicine,Region  5,0
Deceased Donor,FLJM-TX1 Jackson Memorial Hospital University of Miami School of Medicine,Region  6,0
Deceased Donor,FLJM-TX1 Jackson Memorial Hospital University of Miami School of Medicine,Region  7,0
Deceased Donor,FLJM-TX1 Jackson Memorial Hospital University of Miami School of Medicine,Region  8,0
Deceased Donor,FLJM-TX1 Jackson Memorial Hospital University of Miami School of Medicine,Region  9,0
Deceased Donor,FLJM-TX1 Jackson Memorial Hospital University of Miami School of Medicine,Region  10,0
Deceased Donor,FLJM-TX1 Jackson Memorial Hospital University of Miami School of Medicine,Region  11,0
Deceased Donor,FLLM-TX1 Largo Medical Center,All Regions,11
Deceased Donor,FLLM-TX1 Largo Medical Center,Region  1,0
Deceased Donor,FLLM-TX1 Largo Medical Center,Region  2,0
Deceased Donor,FLLM-TX1 Largo Medical Center,Region  3,11
Deceased Donor,FLLM-TX1 Largo Medical Center,Region  4,0
Deceased Donor,FLLM-TX1 Largo Medical Center,Region  5,0
Deceased Donor,FLLM-TX1 Largo Medical Center,Region  6,0
Deceased Donor,FLLM-TX1 Largo Medical Center,Region  7,0
Deceased Donor,FLLM-TX1 Largo Medical Center,Region  8,0
Deceased Donor,FLLM-TX1 Largo Medical Center,Region  9,0
Deceased Donor,FLLM-TX1 Largo Medical Center,Region  10,0
Deceased Donor,FLLM-TX1 Largo Medical Center,Region  11,0
Deceased Donor,FLMR-TX1 Memorial Regional Hospital,All Regions,12
Deceased Donor,FLMR-TX1 Memorial Regional Hospital,Region  1,0
Deceased Donor,FLMR-TX1 Memorial Regional Hospital,Region  2,0
Deceased Donor,FLMR-TX1 Memorial Regional Hospital,Region  3,12
Deceased Donor,FLMR-TX1 Memorial Regional Hospital,Region  4,0
Deceased Donor,FLMR-TX1 Memorial Regional Hospital,Region  5,0
Deceased Donor,FLMR-TX1 Memorial Regional Hospital,Region  6,0
Deceased Donor,FLMR-TX1 Memorial Regional Hospital,Region  7,0
Deceased Donor,FLMR-TX1 Memorial Regional Hospital,Region  8,0
Deceased Donor,FLMR-TX1 Memorial Regional Hospital,Region  9,0
Deceased Donor,FLMR-TX1 Memorial Regional Hospital,Region  10,0
Deceased Donor,FLMR-TX1 Memorial Regional Hospital,Region  11,0
Deceased Donor,FLSL-TX1 Mayo Clinic Hospital Florida,All Regions,35
Deceased Donor,FLSL-TX1 Mayo Clinic Hospital Florida,Region  1,0
Deceased Donor,FLSL-TX1 Mayo Clinic Hospital Florida,Region  2,0
Deceased Donor,FLSL-TX1 Mayo Clinic Hospital Florida,Region  3,35
Deceased Donor,FLSL-TX1 Mayo Clinic Hospital Florida,Region  4,0
Deceased Donor,FLSL-TX1 Mayo Clinic Hospital Florida,Region  5,0
Deceased Donor,FLSL-TX1 Mayo Clinic Hospital Florida,Region  6,0
Deceased Donor,FLSL-TX1 Mayo Clinic Hospital Florida,Region  7,0
Deceased Donor,FLSL-TX1 Mayo Clinic Hospital Florida,Region  8,0
Deceased Donor,FLSL-TX1 Mayo Clinic Hospital Florida,Region  9,0
Deceased Donor,FLSL-TX1 Mayo Clinic Hospital Florida,Region  10,0
Deceased Donor,FLSL-TX1 Mayo Clinic Hospital Florida,Region  11,0
Deceased Donor,FLTG-TX1 Tampa General Hospital,All Regions,33
Deceased Donor,FLTG-TX1 Tampa General Hospital,Region  1,0
Deceased Donor,FLTG-TX1 Tampa General Hospital,Region  2,0
Deceased Donor,FLTG-TX1 Tampa General Hospital,Region  3,33
Deceased Donor,FLTG-TX1 Tampa General Hospital,Region  4,0
Deceased Donor,FLTG-TX1 Tampa General Hospital,Region  5,0
Deceased Donor,FLTG-TX1 Tampa General Hospital,Region  6,0
Deceased Donor,FLTG-TX1 Tampa General Hospital,Region  7,0
Deceased Donor,FLTG-TX1 Tampa General Hospital,Region  8,0
Deceased Donor,FLTG-TX1 Tampa General Hospital,Region  9,0
Deceased Donor,FLTG-TX1 Tampa General Hospital,Region  10,0
Deceased Donor,FLTG-TX1 Tampa General Hospital,Region  11,0
Deceased Donor,FLUF-TX1 UF Health Shands Hospital,All Regions,24
Deceased Donor,FLUF-TX1 UF Health Shands Hospital,Region  1,0
Deceased Donor,FLUF-TX1 UF Health Shands Hospital,Region  2,0
Deceased Donor,FLUF-TX1 UF Health Shands Hospital,Region  3,24
Deceased Donor,FLUF-TX1 UF Health Shands Hospital,Region  4,0
Deceased Donor,FLUF-TX1 UF Health Shands Hospital,Region  5,0
Deceased Donor,FLUF-TX1 UF Health Shands Hospital,Region  6,0
Deceased Donor,FLUF-TX1 UF Health Shands Hospital,Region  7,0
Deceased Donor,FLUF-TX1 UF Health Shands Hospital,Region  8,0
Deceased Donor,FLUF-TX1 UF Health Shands Hospital,Region  9,0
Deceased Donor,FLUF-TX1 UF Health Shands Hospital,Region  10,0
Deceased Donor,FLUF-TX1 UF Health Shands Hospital,Region  11,0
Deceased Donor,GAEH-TX1 Children’s Healthcare of Atlanta - Arthur M. Blank Hospital,All Regions,9
Deceased Donor,GAEH-TX1 Children’s Healthcare of Atlanta - Arthur M. Blank Hospital,Region  1,0
Deceased Donor,GAEH-TX1 Children’s Healthcare of Atlanta - Arthur M. Blank Hospital,Region  2,0
Deceased Donor,GAEH-TX1 Children’s Healthcare of Atlanta - Arthur M. Blank Hospital,Region  3,9
Deceased Donor,GAEH-TX1 Children’s Healthcare of Atlanta - Arthur M. Blank Hospital,Region  4,0
Deceased Donor,GAEH-TX1 Children’s Healthcare of Atlanta - Arthur M. Blank Hospital,Region  5,0
Deceased Donor,GAEH-TX1 Children’s Healthcare of Atlanta - Arthur M. Blank Hospital,Region  6,0
Deceased Donor,GAEH-TX1 Children’s Healthcare of Atlanta - Arthur M. Blank Hospital,Region  7,0
Deceased Donor,GAEH-TX1 Children’s Healthcare of Atlanta - Arthur M. Blank Hospital,Region  8,0
Deceased Donor,GAEH-TX1 Children’s Healthcare of Atlanta - Arthur M. Blank Hospital,Region  9,0
Deceased Donor,GAEH-TX1 Children’s Healthcare of Atlanta - Arthur M. Blank Hospital,Region  10,0
Deceased Donor,GAEH-TX1 Children’s Healthcare of Atlanta - Arthur M. Blank Hospital,Region  11,0
Deceased Donor,GAEM-TX1 Emory University Hospital,All Regions,96
Deceased Donor,GAEM-TX1 Emory University Hospital,Region  1,0
Deceased Donor,GAEM-TX1 Emory University Hospital,Region  2,0
Deceased Donor,GAEM-TX1 Emory University Hospital,Region  3,96
Deceased Donor,GAEM-TX1 Emory University Hospital,Region  4,0
Deceased Donor,GAEM-TX1 Emory University Hospital,Region  5,0
Deceased Donor,GAEM-TX1 Emory University Hospital,Region  6,0
Deceased Donor,GAEM-TX1 Emory University Hospital,Region  7,0
Deceased Donor,GAEM-TX1 Emory University Hospital,Region  8,0
Deceased Donor,GAEM-TX1 Emory University Hospital,Region  9,0
Deceased Donor,GAEM-TX1 Emory University Hospital,Region  10,0
Deceased Donor,GAEM-TX1 Emory University Hospital,Region  11,0
Deceased Donor,GAPH-TX1 Piedmont Hospital,All Regions,62
Deceased Donor,GAPH-TX1 Piedmont Hospital,Region  1,0
Deceased Donor,GAPH-TX1 Piedmont Hospital,Region  2,0
Deceased Donor,GAPH-TX1 Piedmont Hospital,Region  3,62
Deceased Donor,GAPH-TX1 Piedmont Hospital,Region  4,0
Deceased Donor,GAPH-TX1 Piedmont Hospital,Region  5,0
Deceased Donor,GAPH-TX1 Piedmont Hospital,Region  6,0
Deceased Donor,GAPH-TX1 Piedmont Hospital,Region  7,0
Deceased Donor,GAPH-TX1 Piedmont Hospital,Region  8,0
Deceased Donor,GAPH-TX1 Piedmont Hospital,Region  9,0
Deceased Donor,GAPH-TX1 Piedmont Hospital,Region  10,0
Deceased Donor,GAPH-TX1 Piedmont Hospital,Region  11,0
Deceased Donor,IAIV-TX1 University of Iowa Hospitals and Clinics Transplant Programs,All Regions,5
Deceased Donor,IAIV-TX1 University of Iowa Hospitals and Clinics Transplant Programs,Region  1,0
Deceased Donor,IAIV-TX1 University of Iowa Hospitals and Clinics Transplant Programs,Region  2,0
Deceased Donor,IAIV-TX1 University of Iowa Hospitals and Clinics Transplant Programs,Region  3,0
Deceased Donor,IAIV-TX1 University of Iowa Hospitals and Clinics Transplant Programs,Region  4,0
Deceased Donor,IAIV-TX1 University of Iowa Hospitals and Clinics Transplant Programs,Region  5,0
Deceased Donor,IAIV-TX1 University of Iowa Hospitals and Clinics Transplant Programs,Region  6,0
Deceased Donor,IAIV-TX1 University of Iowa Hospitals and Clinics Transplant Programs,Region  7,0
Deceased Donor,IAIV-TX1 University of Iowa Hospitals and Clinics Transplant Programs,Region  8,5
Deceased Donor,IAIV-TX1 University of Iowa Hospitals and Clinics Transplant Programs,Region  9,0
Deceased Donor,IAIV-TX1 University of Iowa Hospitals and Clinics Transplant Programs,Region  10,0
Deceased Donor,IAIV-TX1 University of Iowa Hospitals and Clinics Transplant Programs,Region  11,0
Deceased Donor,ILCH-TX1 Advocate Christ Medical Center,All Regions,22
Deceased Donor,ILCH-TX1 Advocate Christ Medical Center,Region  1,0
Deceased Donor,ILCH-TX1 Advocate Christ Medical Center,Region  2,0
Deceased Donor,ILCH-TX1 Advocate Christ Medical Center,Region  3,0
Deceased Donor,ILCH-TX1 Advocate Christ Medical Center,Region  4,0
Deceased Donor,ILCH-TX1 Advocate Christ Medical Center,Region  5,0
Deceased Donor,ILCH-TX1 Advocate Christ Medical Center,Region  6,0
Deceased Donor,ILCH-TX1 Advocate Christ Medical Center,Region  7,22
Deceased Donor,ILCH-TX1 Advocate Christ Medical Center,Region  8,0
Deceased Donor,ILCH-TX1 Advocate Christ Medical Center,Region  9,0
Deceased Donor,ILCH-TX1 Advocate Christ Medical Center,Region  10,0
Deceased Donor,ILCH-TX1 Advocate Christ Medical Center,Region  11,0
Deceased Donor,ILCM-TX1 Ann & Robert H. Lurie Children's Hospital of Chicago,All Regions,7
Deceased Donor,ILCM-TX1 Ann & Robert H. Lurie Children's Hospital of Chicago,Region  1,0
Deceased Donor,ILCM-TX1 Ann & Robert H. Lurie Children's Hospital of Chicago,Region  2,0
Deceased Donor,ILCM-TX1 Ann & Robert H. Lurie Children's Hospital of Chicago,Region  3,0
Deceased Donor,ILCM-TX1 Ann & Robert H. Lurie Children's Hospital of Chicago,Region  4,0
Deceased Donor,ILCM-TX1 Ann & Robert H. Lurie Children's Hospital of Chicago,Region  5,0
Deceased Donor,ILCM-TX1 Ann & Robert H. Lurie Children's Hospital of Chicago,Region  6,0
Deceased Donor,ILCM-TX1 Ann & Robert H. Lurie Children's Hospital of Chicago,Region  7,7
Deceased Donor,ILCM-TX1 Ann & Robert H. Lurie Children's Hospital of Chicago,Region  8,0
Deceased Donor,ILCM-TX1 Ann & Robert H. Lurie Children's Hospital of Chicago,Region  9,0
Deceased Donor,ILCM-TX1 Ann & Robert H. Lurie Children's Hospital of Chicago,Region  10,0
Deceased Donor,ILCM-TX1 Ann & Robert H. Lurie Children's Hospital of Chicago,Region  11,0
Deceased Donor,ILLU-TX1 Loyola University Medical Center,All Regions,12
Deceased Donor,ILLU-TX1 Loyola University Medical Center,Region  1,0
Deceased Donor,ILLU-TX1 Loyola University Medical Center,Region  2,0
Deceased Donor,ILLU-TX1 Loyola University Medical Center,Region  3,0
Deceased Donor,ILLU-TX1 Loyola University Medical Center,Region  4,0
Deceased Donor,ILLU-TX1 Loyola University Medical Center,Region  5,0
Deceased Donor,ILLU-TX1 Loyola University Medical Center,Region  6,0
Deceased Donor,ILLU-TX1 Loyola University Medical Center,Region  7,12
Deceased Donor,ILLU-TX1 Loyola University Medical Center,Region  8,0
Deceased Donor,ILLU-TX1 Loyola University Medical Center,Region  9,0
Deceased Donor,ILLU-TX1 Loyola University Medical Center,Region  10,0
Deceased Donor,ILLU-TX1 Loyola University Medical Center,Region  11,0
Deceased Donor,ILNM-TX1 Northwestern Memorial Hospital,All Regions,25
Deceased Donor,ILNM-TX1 Northwestern Memorial Hospital,Region  1,0
Deceased Donor,ILNM-TX1 Northwestern Memorial Hospital,Region  2,0
Deceased Donor,ILNM-TX1 Northwestern Memorial Hospital,Region  3,0
Deceased Donor,ILNM-TX1 Northwestern Memorial Hospital,Region  4,0
Deceased Donor,ILNM-TX1 Northwestern Memorial Hospital,Region  5,0
Deceased Donor,ILNM-TX1 Northwestern Memorial Hospital,Region  6,0
Deceased Donor,ILNM-TX1 Northwestern Memorial Hospital,Region  7,25
Deceased Donor,ILNM-TX1 Northwestern Memorial Hospital,Region  8,0
Deceased Donor,ILNM-TX1 Northwestern Memorial Hospital,Region  9,0
Deceased Donor,ILNM-TX1 Northwestern Memorial Hospital,Region  10,0
Deceased Donor,ILNM-TX1 Northwestern Memorial Hospital,Region  11,0
Deceased Donor,ILSF-TX1 OSF Saint Francis Medical Center,All Regions,4
Deceased Donor,ILSF-TX1 OSF Saint Francis Medical Center,Region  1,0
Deceased Donor,ILSF-TX1 OSF Saint Francis Medical Center,Region  2,0
Deceased Donor,ILSF-TX1 OSF Saint Francis Medical Center,Region  3,0
Deceased Donor,ILSF-TX1 OSF Saint Francis Medical Center,Region  4,0
Deceased Donor,ILSF-TX1 OSF Saint Francis Medical Center,Region  5,0
Deceased Donor,ILSF-TX1 OSF Saint Francis Medical Center,Region  6,0
Deceased Donor,ILSF-TX1 OSF Saint Francis Medical Center,Region  7,4
Deceased Donor,ILSF-TX1 OSF Saint Francis Medical Center,Region  8,0
Deceased Donor,ILSF-TX1 OSF Saint Francis Medical Center,Region  9,0
Deceased Donor,ILSF-TX1 OSF Saint Francis Medical Center,Region  10,0
Deceased Donor,ILSF-TX1 OSF Saint Francis Medical Center,Region  11,0
Deceased Donor,ILUC-TX1 University of Chicago Medical Center,All Regions,39
Deceased Donor,ILUC-TX1 University of Chicago Medical Center,Region  1,0
Deceased Donor,ILUC-TX1 University of Chicago Medical Center,Region  2,0
Deceased Donor,ILUC-TX1 University of Chicago Medical Center,Region  3,0
Deceased Donor,ILUC-TX1 University of Chicago Medical Center,Region  4,0
Deceased Donor,ILUC-TX1 University of Chicago Medical Center,Region  5,0
Deceased Donor,ILUC-TX1 University of Chicago Medical Center,Region  6,0
Deceased Donor,ILUC-TX1 University of Chicago Medical Center,Region  7,39
Deceased Donor,ILUC-TX1 University of Chicago Medical Center,Region  8,0
Deceased Donor,ILUC-TX1 University of Chicago Medical Center,Region  9,0
Deceased Donor,ILUC-TX1 University of Chicago Medical Center,Region  10,0
Deceased Donor,ILUC-TX1 University of Chicago Medical Center,Region  11,0
Deceased Donor,INIM-TX1 Indiana University Health,All Regions,19
Deceased Donor,INIM-TX1 Indiana University Health,Region  1,0
Deceased Donor,INIM-TX1 Indiana University Health,Region  2,0
Deceased Donor,INIM-TX1 Indiana University Health,Region  3,0
Deceased Donor,INIM-TX1 Indiana University Health,Region  4,0
Deceased Donor,INIM-TX1 Indiana University Health,Region  5,0
Deceased Donor,INIM-TX1 Indiana University Health,Region  6,0
Deceased Donor,INIM-TX1 Indiana University Health,Region  7,0
Deceased Donor,INIM-TX1 Indiana University Health,Region  8,0
Deceased Donor,INIM-TX1 Indiana University Health,Region  9,0
Deceased Donor,INIM-TX1 Indiana University Health,Region  10,19
Deceased Donor,INIM-TX1 Indiana University Health,Region  11,0
Deceased Donor,INSV-TX1 Ascension St. Vincent Hospital,All Regions,9
Deceased Donor,INSV-TX1 Ascension St. Vincent Hospital,Region  1,0
Deceased Donor,INSV-TX1 Ascension St. Vincent Hospital,Region  2,0
Deceased Donor,INSV-TX1 Ascension St. Vincent Hospital,Region  3,0
Deceased Donor,INSV-TX1 Ascension St. Vincent Hospital,Region  4,0
Deceased Donor,INSV-TX1 Ascension St. Vincent Hospital,Region  5,0
Deceased Donor,INSV-TX1 Ascension St. Vincent Hospital,Region  6,0
Deceased Donor,INSV-TX1 Ascension St. Vincent Hospital,Region  7,0
Deceased Donor,INSV-TX1 Ascension St. Vincent Hospital,Region  8,0
Deceased Donor,INSV-TX1 Ascension St. Vincent Hospital,Region  9,0
Deceased Donor,INSV-TX1 Ascension St. Vincent Hospital,Region  10,9
Deceased Donor,INSV-TX1 Ascension St. Vincent Hospital,Region  11,0
Deceased Donor,KSUK-TX1 University of Kansas Hospital,All Regions,20
Deceased Donor,KSUK-TX1 University of Kansas Hospital,Region  1,0
Deceased Donor,KSUK-TX1 University of Kansas Hospital,Region  2,0
Deceased Donor,KSUK-TX1 University of Kansas Hospital,Region  3,0
Deceased Donor,KSUK-TX1 University of Kansas Hospital,Region  4,0
Deceased Donor,KSUK-TX1 University of Kansas Hospital,Region  5,0
Deceased Donor,KSUK-TX1 University of Kansas Hospital,Region  6,0
Deceased Donor,KSUK-TX1 University of Kansas Hospital,Region  7,0
Deceased Donor,KSUK-TX1 University of Kansas Hospital,Region  8,20
Deceased Donor,KSUK-TX1 University of Kansas Hospital,Region  9,0
Deceased Donor,KSUK-TX1 University of Kansas Hospital,Region  10,0
Deceased Donor,KSUK-TX1 University of Kansas Hospital,Region  11,0
Deceased Donor,KYJH-TX1 Jewish Hospital,All Regions,4
Deceased Donor,KYJH-TX1 Jewish Hospital,Region  1,0
Deceased Donor,KYJH-TX1 Jewish Hospital,Region  2,0
Deceased Donor,KYJH-TX1 Jewish Hospital,Region  3,0
Deceased Donor,KYJH-TX1 Jewish Hospital,Region  4,0
Deceased Donor,KYJH-TX1 Jewish Hospital,Region  5,0
Deceased Donor,KYJH-TX1 Jewish Hospital,Region  6,0
Deceased Donor,KYJH-TX1 Jewish Hospital,Region  7,0
Deceased Donor,KYJH-TX1 Jewish Hospital,Region  8,0
Deceased Donor,KYJH-TX1 Jewish Hospital,Region  9,0
Deceased Donor,KYJH-TX1 Jewish Hospital,Region  10,0
Deceased Donor,KYJH-TX1 Jewish Hospital,Region  11,4
Deceased Donor,KYKC-TX1 Norton Children's Hospital,All Regions,4
Deceased Donor,KYKC-TX1 Norton Children's Hospital,Region  1,0
Deceased Donor,KYKC-TX1 Norton Children's Hospital,Region  2,0
Deceased Donor,KYKC-TX1 Norton Children's Hospital,Region  3,0
Deceased Donor,KYKC-TX1 Norton Children's Hospital,Region  4,0
Deceased Donor,KYKC-TX1 Norton Children's Hospital,Region  5,0
Deceased Donor,KYKC-TX1 Norton Children's Hospital,Region  6,0
Deceased Donor,KYKC-TX1 Norton Children's Hospital,Region  7,0
Deceased Donor,KYKC-TX1 Norton Children's Hospital,Region  8,0
Deceased Donor,KYKC-TX1 Norton Children's Hospital,Region  9,0
Deceased Donor,KYKC-TX1 Norton Children's Hospital,Region  10,0
Deceased Donor,KYKC-TX1 Norton Children's Hospital,Region  11,4
Deceased Donor,KYUK-TX1 University of Kentucky Medical Center,All Regions,8
Deceased Donor,KYUK-TX1 University of Kentucky Medical Center,Region  1,0
Deceased Donor,KYUK-TX1 University of Kentucky Medical Center,Region  2,0
Deceased Donor,KYUK-TX1 University of Kentucky Medical Center,Region  3,0
Deceased Donor,KYUK-TX1 University of Kentucky Medical Center,Region  4,0
Deceased Donor,KYUK-TX1 University of Kentucky Medical Center,Region  5,0
Deceased Donor,KYUK-TX1 University of Kentucky Medical Center,Region  6,0
Deceased Donor,KYUK-TX1 University of Kentucky Medical Center,Region  7,0
Deceased Donor,KYUK-TX1 University of Kentucky Medical Center,Region  8,0
Deceased Donor,KYUK-TX1 University of Kentucky Medical Center,Region  9,0
Deceased Donor,KYUK-TX1 University of Kentucky Medical Center,Region  10,0
Deceased Donor,KYUK-TX1 University of Kentucky Medical Center,Region  11,8
Deceased Donor,LAOF-TX1 Ochsner Foundation Hospital,All Regions,11
Deceased Donor,LAOF-TX1 Ochsner Foundation Hospital,Region  1,0
Deceased Donor,LAOF-TX1 Ochsner Foundation Hospital,Region  2,0
Deceased Donor,LAOF-TX1 Ochsner Foundation Hospital,Region  3,11
Deceased Donor,LAOF-TX1 Ochsner Foundation Hospital,Region  4,0
Deceased Donor,LAOF-TX1 Ochsner Foundation Hospital,Region  5,0
Deceased Donor,LAOF-TX1 Ochsner Foundation Hospital,Region  6,0
Deceased Donor,LAOF-TX1 Ochsner Foundation Hospital,Region  7,0
Deceased Donor,LAOF-TX1 Ochsner Foundation Hospital,Region  8,0
Deceased Donor,LAOF-TX1 Ochsner Foundation Hospital,Region  9,0
Deceased Donor,LAOF-TX1 Ochsner Foundation Hospital,Region  10,0
Deceased Donor,LAOF-TX1 Ochsner Foundation Hospital,Region  11,0
Deceased Donor,LATU-TX1 Tulane Medical Center,All Regions,12
Deceased Donor,LATU-TX1 Tulane Medical Center,Region  1,0
Deceased Donor,LATU-TX1 Tulane Medical Center,Region  2,0
Deceased Donor,LATU-TX1 Tulane Medical Center,Region  3,12
Deceased Donor,LATU-TX1 Tulane Medical Center,Region  4,0
Deceased Donor,LATU-TX1 Tulane Medical Center,Region  5,0
Deceased Donor,LATU-TX1 Tulane Medical Center,Region  6,0
Deceased Donor,LATU-TX1 Tulane Medical Center,Region  7,0
Deceased Donor,LATU-TX1 Tulane Medical Center,Region  8,0
Deceased Donor,LATU-TX1 Tulane Medical Center,Region  9,0
Deceased Donor,LATU-TX1 Tulane Medical Center,Region  10,0
Deceased Donor,LATU-TX1 Tulane Medical Center,Region  11,0
Deceased Donor,MABI-TX1 Beth Israel Deaconess Medical Center,All Regions,22
Deceased Donor,MABI-TX1 Beth Israel Deaconess Medical Center,Region  1,22
Deceased Donor,MABI-TX1 Beth Israel Deaconess Medical Center,Region  2,0
Deceased Donor,MABI-TX1 Beth Israel Deaconess Medical Center,Region  3,0
Deceased Donor,MABI-TX1 Beth Israel Deaconess Medical Center,Region  4,0
Deceased Donor,MABI-TX1 Beth Israel Deaconess Medical Center,Region  5,0
Deceased Donor,MABI-TX1 Beth Israel Deaconess Medical Center,Region  6,0
Deceased Donor,MABI-TX1 Beth Israel Deaconess Medical Center,Region  7,0
Deceased Donor,MABI-TX1 Beth Israel Deaconess Medical Center,Region  8,0
Deceased Donor,MABI-TX1 Beth Israel Deaconess Medical Center,Region  9,0
Deceased Donor,MABI-TX1 Beth Israel Deaconess Medical Center,Region  10,0
Deceased Donor,MABI-TX1 Beth Israel Deaconess Medical Center,Region  11,0
Deceased Donor,MACH-TX1 Boston Children's Hospital,All Regions,13
Deceased Donor,MACH-TX1 Boston Children's Hospital,Region  1,13
Deceased Donor,MACH-TX1 Boston Children's Hospital,Region  2,0
Deceased Donor,MACH-TX1 Boston Children's Hospital,Region  3,0
Deceased Donor,MACH-TX1 Boston Children's Hospital,Region  4,0
Deceased Donor,MACH-TX1 Boston Children's Hospital,Region  5,0
Deceased Donor,MACH-TX1 Boston Children's Hospital,Region  6,0
Deceased Donor,MACH-TX1 Boston Children's Hospital,Region  7,0
Deceased Donor,MACH-TX1 Boston Children's Hospital,Region  8,0
Deceased Donor,MACH-TX1 Boston Children's Hospital,Region  9,0
Deceased Donor,MACH-TX1 Boston Children's Hospital,Region  10,0
Deceased Donor,MACH-TX1 Boston Children's Hospital,Region  11,0
Deceased Donor,MAMG-TX1 Massachusetts General Hospital,All Regions,31
Deceased Donor,MAMG-TX1 Massachusetts General Hospital,Region  1,31
Deceased Donor,MAMG-TX1 Massachusetts General Hospital,Region  2,0
Deceased Donor,MAMG-TX1 Massachusetts General Hospital,Region  3,0
Deceased Donor,MAMG-TX1 Massachusetts General Hospital,Region  4,0
Deceased Donor,MAMG-TX1 Massachusetts General Hospital,Region  5,0
Deceased Donor,MAMG-TX1 Massachusetts General Hospital,Region  6,0
Deceased Donor,MAMG-TX1 Massachusetts General Hospital,Region  7,0
Deceased Donor,MAMG-TX1 Massachusetts General Hospital,Region  8,0
Deceased Donor,MAMG-TX1 Massachusetts General Hospital,Region  9,0
Deceased Donor,MAMG-TX1 Massachusetts General Hospital,Region  10,0
Deceased Donor,MAMG-TX1 Massachusetts General Hospital,Region  11,0
Deceased Donor,MANM-TX1 Tufts Medical Center,All Regions,50
Deceased Donor,MANM-TX1 Tufts Medical Center,Region  1,50
Deceased Donor,MANM-TX1 Tufts Medical Center,Region  2,0
Deceased Donor,MANM-TX1 Tufts Medical Center,Region  3,0
Deceased Donor,MANM-TX1 Tufts Medical Center,Region  4,0
Deceased Donor,MANM-TX1 Tufts Medical Center,Region  5,0
Deceased Donor,MANM-TX1 Tufts Medical Center,Region  6,0
Deceased Donor,MANM-TX1 Tufts Medical Center,Region  7,0
Deceased Donor,MANM-TX1 Tufts Medical Center,Region  8,0
Deceased Donor,MANM-TX1 Tufts Medical Center,Region  9,0
Deceased Donor,MANM-TX1 Tufts Medical Center,Region  10,0
Deceased Donor,MANM-TX1 Tufts Medical Center,Region  11,0
Deceased Donor,MAPB-TX1 Brigham and Women's Hospital,All Regions,22
Deceased Donor,MAPB-TX1 Brigham and Women's Hospital,Region  1,22
Deceased Donor,MAPB-TX1 Brigham and Women's Hospital,Region  2,0
Deceased Donor,MAPB-TX1 Brigham and Women's Hospital,Region  3,0
Deceased Donor,MAPB-TX1 Brigham and Women's Hospital,Region  4,0
Deceased Donor,MAPB-TX1 Brigham and Women's Hospital,Region  5,0
Deceased Donor,MAPB-TX1 Brigham and Women's Hospital,Region  6,0
Deceased Donor,MAPB-TX1 Brigham and Women's Hospital,Region  7,0
Deceased Donor,MAPB-TX1 Brigham and Women's Hospital,Region  8,0
Deceased Donor,MAPB-TX1 Brigham and Women's Hospital,Region  9,0
Deceased Donor,MAPB-TX1 Brigham and Women's Hospital,Region  10,0
Deceased Donor,MAPB-TX1 Brigham and Women's Hospital,Region  11,0
Deceased Donor,MDJH-TX1 Johns Hopkins Hospital,All Regions,56
Deceased Donor,MDJH-TX1 Johns Hopkins Hospital,Region  1,0
Deceased Donor,MDJH-TX1 Johns Hopkins Hospital,Region  2,56
Deceased Donor,MDJH-TX1 Johns Hopkins Hospital,Region  3,0
Deceased Donor,MDJH-TX1 Johns Hopkins Hospital,Region  4,0
Deceased Donor,MDJH-TX1 Johns Hopkins Hospital,Region  5,0
Deceased Donor,MDJH-TX1 Johns Hopkins Hospital,Region  6,0
Deceased Donor,MDJH-TX1 Johns Hopkins Hospital,Region  7,0
Deceased Donor,MDJH-TX1 Johns Hopkins Hospital,Region  8,0
Deceased Donor,MDJH-TX1 Johns Hopkins Hospital,Region  9,0
Deceased Donor,MDJH-TX1 Johns Hopkins Hospital,Region  10,0
Deceased Donor,MDJH-TX1 Johns Hopkins Hospital,Region  11,0
Deceased Donor,MDUM-TX1 University of Maryland Medical System,All Regions,7
Deceased Donor,MDUM-TX1 University of Maryland Medical System,Region  1,0
Deceased Donor,MDUM-TX1 University of Maryland Medical System,Region  2,7
Deceased Donor,MDUM-TX1 University of Maryland Medical System,Region  3,0
Deceased Donor,MDUM-TX1 University of Maryland Medical System,Region  4,0
Deceased Donor,MDUM-TX1 University of Maryland Medical System,Region  5,0
Deceased Donor,MDUM-TX1 University of Maryland Medical System,Region  6,0
Deceased Donor,MDUM-TX1 University of Maryland Medical System,Region  7,0
Deceased Donor,MDUM-TX1 University of Maryland Medical System,Region  8,0
Deceased Donor,MDUM-TX1 University of Maryland Medical System,Region  9,0
Deceased Donor,MDUM-TX1 University of Maryland Medical System,Region  10,0
Deceased Donor,MDUM-TX1 University of Maryland Medical System,Region  11,0
Deceased Donor,MIHF-TX1 Henry Ford Hospital,All Regions,19
Deceased Donor,MIHF-TX1 Henry Ford Hospital,Region  1,0
Deceased Donor,MIHF-TX1 Henry Ford Hospital,Region  2,0
Deceased Donor,MIHF-TX1 Henry Ford Hospital,Region  3,0
Deceased Donor,MIHF-TX1 Henry Ford Hospital,Region  4,0
Deceased Donor,MIHF-TX1 Henry Ford Hospital,Region  5,0
Deceased Donor,MIHF-TX1 Henry Ford Hospital,Region  6,0
Deceased Donor,MIHF-TX1 Henry Ford Hospital,Region  7,0
Deceased Donor,MIHF-TX1 Henry Ford Hospital,Region  8,0
Deceased Donor,MIHF-TX1 Henry Ford Hospital,Region  9,0
Deceased Donor,MIHF-TX1 Henry Ford Hospital,Region  10,19
Deceased Donor,MIHF-TX1 Henry Ford Hospital,Region  11,0
Deceased Donor,MISH-TX1 Corewell Health Grand Rapids Hospitals,All Regions,23
Deceased Donor,MISH-TX1 Corewell Health Grand Rapids Hospitals,Region  1,0
Deceased Donor,MISH-TX1 Corewell Health Grand Rapids Hospitals,Region  2,0
Deceased Donor,MISH-TX1 Corewell Health Grand Rapids Hospitals,Region  3,0
Deceased Donor,MISH-TX1 Corewell Health Grand Rapids Hospitals,Region  4,0
Deceased Donor,MISH-TX1 Corewell Health Grand Rapids Hospitals,Region  5,0
Deceased Donor,MISH-TX1 Corewell Health Grand Rapids Hospitals,Region  6,0
Deceased Donor,MISH-TX1 Corewell Health Grand Rapids Hospitals,Region  7,0
Deceased Donor,MISH-TX1 Corewell Health Grand Rapids Hospitals,Region  8,0
Deceased Donor,MISH-TX1 Corewell Health Grand Rapids Hospitals,Region  9,0
Deceased Donor,MISH-TX1 Corewell Health Grand Rapids Hospitals,Region  10,23
Deceased Donor,MISH-TX1 Corewell Health Grand Rapids Hospitals,Region  11,0
Deceased Donor,MIUM-TX1 University of Michigan Medical Center,All Regions,36
Deceased Donor,MIUM-TX1 University of Michigan Medical Center,Region  1,0
Deceased Donor,MIUM-TX1 University of Michigan Medical Center,Region  2,0
Deceased Donor,MIUM-TX1 University of Michigan Medical Center,Region  3,0
Deceased Donor,MIUM-TX1 University of Michigan Medical Center,Region  4,0
Deceased Donor,MIUM-TX1 University of Michigan Medical Center,Region  5,0
Deceased Donor,MIUM-TX1 University of Michigan Medical Center,Region  6,0
Deceased Donor,MIUM-TX1 University of Michigan Medical Center,Region  7,0
Deceased Donor,MIUM-TX1 University of Michigan Medical Center,Region  8,0
Deceased Donor,MIUM-TX1 University of Michigan Medical Center,Region  9,0
Deceased Donor,MIUM-TX1 University of Michigan Medical Center,Region  10,36
Deceased Donor,MIUM-TX1 University of Michigan Medical Center,Region  11,0
Deceased Donor,MNAN-TX1 Abbott Northwestern Hospital,All Regions,10
Deceased Donor,MNAN-TX1 Abbott Northwestern Hospital,Region  1,0
Deceased Donor,MNAN-TX1 Abbott Northwestern Hospital,Region  2,0
Deceased Donor,MNAN-TX1 Abbott Northwestern Hospital,Region  3,0
Deceased Donor,MNAN-TX1 Abbott Northwestern Hospital,Region  4,0
Deceased Donor,MNAN-TX1 Abbott Northwestern Hospital,Region  5,0
Deceased Donor,MNAN-TX1 Abbott Northwestern Hospital,Region  6,0
Deceased Donor,MNAN-TX1 Abbott Northwestern Hospital,Region  7,10
Deceased Donor,MNAN-TX1 Abbott Northwestern Hospital,Region  8,0
Deceased Donor,MNAN-TX1 Abbott Northwestern Hospital,Region  9,0
Deceased Donor,MNAN-TX1 Abbott Northwestern Hospital,Region  10,0
Deceased Donor,MNAN-TX1 Abbott Northwestern Hospital,Region  11,0
Deceased Donor,MNCM-TX1 Children's Minnesota,All Regions,1
Deceased Donor,MNCM-TX1 Children's Minnesota,Region  1,0
Deceased Donor,MNCM-TX1 Children's Minnesota,Region  2,0
Deceased Donor,MNCM-TX1 Children's Minnesota,Region  3,0
Deceased Donor,MNCM-TX1 Children's Minnesota,Region  4,0
Deceased Donor,MNCM-TX1 Children's Minnesota,Region  5,0
Deceased Donor,MNCM-TX1 Children's Minnesota,Region  6,0
Deceased Donor,MNCM-TX1 Children's Minnesota,Region  7,1
Deceased Donor,MNCM-TX1 Children's Minnesota,Region  8,0
Deceased Donor,MNCM-TX1 Children's Minnesota,Region  9,0
Deceased Donor,MNCM-TX1 Children's Minnesota,Region  10,0
Deceased Donor,MNCM-TX1 Children's Minnesota,Region  11,0
Deceased Donor,MNMC-TX1 Mayo Clinic Hospital Minnesota,All Regions,41
Deceased Donor,MNMC-TX1 Mayo Clinic Hospital Minnesota,Region  1,0
Deceased Donor,MNMC-TX1 Mayo Clinic Hospital Minnesota,Region  2,0
Deceased Donor,MNMC-TX1 Mayo Clinic Hospital Minnesota,Region  3,0
Deceased Donor,MNMC-TX1 Mayo Clinic Hospital Minnesota,Region  4,0
Deceased Donor,MNMC-TX1 Mayo Clinic Hospital Minnesota,Region  5,0
Deceased Donor,MNMC-TX1 Mayo Clinic Hospital Minnesota,Region  6,0
Deceased Donor,MNMC-TX1 Mayo Clinic Hospital Minnesota,Region  7,41
Deceased Donor,MNMC-TX1 Mayo Clinic Hospital Minnesota,Region  8,0
Deceased Donor,MNMC-TX1 Mayo Clinic Hospital Minnesota,Region  9,0
Deceased Donor,MNMC-TX1 Mayo Clinic Hospital Minnesota,Region  10,0
Deceased Donor,MNMC-TX1 Mayo Clinic Hospital Minnesota,Region  11,0
Deceased Donor,"MNUM-TX1 University of Minnesota Medical Center, Fairview",All Regions,31
Deceased Donor,"MNUM-TX1 University of Minnesota Medical Center, Fairview",Region  1,0
Deceased Donor,"MNUM-TX1 University of Minnesota Medical Center, Fairview",Region  2,0
Deceased Donor,"MNUM-TX1 University of Minnesota Medical Center, Fairview",Region  3,0
Deceased Donor,"MNUM-TX1 University of Minnesota Medical Center, Fairview",Region  4,0
Deceased Donor,"MNUM-TX1 University of Minnesota Medical Center, Fairview",Region  5,0
Deceased Donor,"MNUM-TX1 University of Minnesota Medical Center, Fairview",Region  6,0
Deceased Donor,"MNUM-TX1 University of Minnesota Medical Center, Fairview",Region  7,31
Deceased Donor,"MNUM-TX1 University of Minnesota Medical Center, Fairview",Region  8,0
Deceased Donor,"MNUM-TX1 University of Minnesota Medical Center, Fairview",Region  9,0
Deceased Donor,"MNUM-TX1 University of Minnesota Medical Center, Fairview",Region  10,0
Deceased Donor,"MNUM-TX1 University of Minnesota Medical Center, Fairview",Region  11,0
Deceased Donor,MOBH-TX1 Barnes-Jewish Hospital,All Regions,43
Deceased Donor,MOBH-TX1 Barnes-Jewish Hospital,Region  1,0
Deceased Donor,MOBH-TX1 Barnes-Jewish Hospital,Region  2,0
Deceased Donor,MOBH-TX1 Barnes-Jewish Hospital,Region  3,0
Deceased Donor,MOBH-TX1 Barnes-Jewish Hospital,Region  4,0
Deceased Donor,MOBH-TX1 Barnes-Jewish Hospital,Region  5,0
Deceased Donor,MOBH-TX1 Barnes-Jewish Hospital,Region  6,0
Deceased Donor,MOBH-TX1 Barnes-Jewish Hospital,Region  7,0
Deceased Donor,MOBH-TX1 Barnes-Jewish Hospital,Region  8,43
Deceased Donor,MOBH-TX1 Barnes-Jewish Hospital,Region  9,0
Deceased Donor,MOBH-TX1 Barnes-Jewish Hospital,Region  10,0
Deceased Donor,MOBH-TX1 Barnes-Jewish Hospital,Region  11,0
Deceased Donor,MOCG-TX1 Cardinal Glennon Children's Hospital,All Regions,3
Deceased Donor,MOCG-TX1 Cardinal Glennon Children's Hospital,Region  1,0
Deceased Donor,MOCG-TX1 Cardinal Glennon Children's Hospital,Region  2,0
Deceased Donor,MOCG-TX1 Cardinal Glennon Children's Hospital,Region  3,0
Deceased Donor,MOCG-TX1 Cardinal Glennon Children's Hospital,Region  4,0
Deceased Donor,MOCG-TX1 Cardinal Glennon Children's Hospital,Region  5,0
Deceased Donor,MOCG-TX1 Cardinal Glennon Children's Hospital,Region  6,0
Deceased Donor,MOCG-TX1 Cardinal Glennon Children's Hospital,Region  7,0
Deceased Donor,MOCG-TX1 Cardinal Glennon Children's Hospital,Region  8,3
Deceased Donor,MOCG-TX1 Cardinal Glennon Children's Hospital,Region  9,0
Deceased Donor,MOCG-TX1 Cardinal Glennon Children's Hospital,Region  10,0
Deceased Donor,MOCG-TX1 Cardinal Glennon Children's Hospital,Region  11,0
Deceased Donor,MOCH-TX1 St. Louis Children's Hospital at Washington University Medical Center,All Regions,6
Deceased Donor,MOCH-TX1 St. Louis Children's Hospital at Washington University Medical Center,Region  1,0
Deceased Donor,MOCH-TX1 St. Louis Children's Hospital at Washington University Medical Center,Region  2,0
Deceased Donor,MOCH-TX1 St. Louis Children's Hospital at Washington University Medical Center,Region  3,0
Deceased Donor,MOCH-TX1 St. Louis Children's Hospital at Washington University Medical Center,Region  4,0
Deceased Donor,MOCH-TX1 St. Louis Children's Hospital at Washington University Medical Center,Region  5,0
Deceased Donor,MOCH-TX1 St. Louis Children's Hospital at Washington University Medical Center,Region  6,0
Deceased Donor,MOCH-TX1 St. Louis Children's Hospital at Washington University Medical Center,Region  7,0
Deceased Donor,MOCH-TX1 St. Louis Children's Hospital at Washington University Medical Center,Region  8,6
Deceased Donor,MOCH-TX1 St. Louis Children's Hospital at Washington University Medical Center,Region  9,0
Deceased Donor,MOCH-TX1 St. Louis Children's Hospital at Washington University Medical Center,Region  10,0
Deceased Donor,MOCH-TX1 St. Louis Children's Hospital at Washington University Medical Center,Region  11,0
Deceased Donor,MOCM-TX1 Children's Mercy Hospital,All Regions,8
Deceased Donor,MOCM-TX1 Children's Mercy Hospital,Region  1,0
Deceased Donor,MOCM-TX1 Children's Mercy Hospital,Region  2,0
Deceased Donor,MOCM-TX1 Children's Mercy Hospital,Region  3,0
Deceased Donor,MOCM-TX1 Children's Mercy Hospital,Region  4,0
Deceased Donor,MOCM-TX1 Children's Mercy Hospital,Region  5,0
Deceased Donor,MOCM-TX1 Children's Mercy Hospital,Region  6,0
Deceased Donor,MOCM-TX1 Children's Mercy Hospital,Region  7,0
Deceased Donor,MOCM-TX1 Children's Mercy Hospital,Region  8,8
Deceased Donor,MOCM-TX1 Children's Mercy Hospital,Region  9,0
Deceased Donor,MOCM-TX1 Children's Mercy Hospital,Region  10,0
Deceased Donor,MOCM-TX1 Children's Mercy Hospital,Region  11,0
Deceased Donor,MOLH-TX1 St Luke's Hospital of Kansas City,All Regions,24
Deceased Donor,MOLH-TX1 St Luke's Hospital of Kansas City,Region  1,0
Deceased Donor,MOLH-TX1 St Luke's Hospital of Kansas City,Region  2,0
Deceased Donor,MOLH-TX1 St Luke's Hospital of Kansas City,Region  3,0
Deceased Donor,MOLH-TX1 St Luke's Hospital of Kansas City,Region  4,0
Deceased Donor,MOLH-TX1 St Luke's Hospital of Kansas City,Region  5,0
Deceased Donor,MOLH-TX1 St Luke's Hospital of Kansas City,Region  6,0
Deceased Donor,MOLH-TX1 St Luke's Hospital of Kansas City,Region  7,0
Deceased Donor,MOLH-TX1 St Luke's Hospital of Kansas City,Region  8,24
Deceased Donor,MOLH-TX1 St Luke's Hospital of Kansas City,Region  9,0
Deceased Donor,MOLH-TX1 St Luke's Hospital of Kansas City,Region  10,0
Deceased Donor,MOLH-TX1 St Luke's Hospital of Kansas City,Region  11,0
Deceased Donor,MSUM-TX1 University of Mississippi Medical Center,All Regions,1
Deceased Donor,MSUM-TX1 University of Mississippi Medical Center,Region  1,0
Deceased Donor,MSUM-TX1 University of Mississippi Medical Center,Region  2,0
Deceased Donor,MSUM-TX1 University of Mississippi Medical Center,Region  3,1
Deceased Donor,MSUM-TX1 University of Mississippi Medical Center,Region  4,0
Deceased Donor,MSUM-TX1 University of Mississippi Medical Center,Region  5,0
Deceased Donor,MSUM-TX1 University of Mississippi Medical Center,Region  6,0
Deceased Donor,MSUM-TX1 University of Mississippi Medical Center,Region  7,0
Deceased Donor,MSUM-TX1 University of Mississippi Medical Center,Region  8,0
Deceased Donor,MSUM-TX1 University of Mississippi Medical Center,Region  9,0
Deceased Donor,MSUM-TX1 University of Mississippi Medical Center,Region  10,0
Deceased Donor,MSUM-TX1 University of Mississippi Medical Center,Region  11,0
Deceased Donor,NCBG-TX1 Wake Forest Baptist Medical Center,All Regions,16
Deceased Donor,NCBG-TX1 Wake Forest Baptist Medical Center,Region  1,0
Deceased Donor,NCBG-TX1 Wake Forest Baptist Medical Center,Region  2,0
Deceased Donor,NCBG-TX1 Wake Forest Baptist Medical Center,Region  3,0
Deceased Donor,NCBG-TX1 Wake Forest Baptist Medical Center,Region  4,0
Deceased Donor,NCBG-TX1 Wake Forest Baptist Medical Center,Region  5,0
Deceased Donor,NCBG-TX1 Wake Forest Baptist Medical Center,Region  6,0
Deceased Donor,NCBG-TX1 Wake Forest Baptist Medical Center,Region  7,0
Deceased Donor,NCBG-TX1 Wake Forest Baptist Medical Center,Region  8,0
Deceased Donor,NCBG-TX1 Wake Forest Baptist Medical Center,Region  9,0
Deceased Donor,NCBG-TX1 Wake Forest Baptist Medical Center,Region  10,0
Deceased Donor,NCBG-TX1 Wake Forest Baptist Medical Center,Region  11,16
Deceased Donor,NCCM-TX1 Carolinas Medical Center,All Regions,53
Deceased Donor,NCCM-TX1 Carolinas Medical Center,Region  1,0
Deceased Donor,NCCM-TX1 Carolinas Medical Center,Region  2,0
Deceased Donor,NCCM-TX1 Carolinas Medical Center,Region  3,0
Deceased Donor,NCCM-TX1 Carolinas Medical Center,Region  4,0
Deceased Donor,NCCM-TX1 Carolinas Medical Center,Region  5,0
Deceased Donor,NCCM-TX1 Carolinas Medical Center,Region  6,0
Deceased Donor,NCCM-TX1 Carolinas Medical Center,Region  7,0
Deceased Donor,NCCM-TX1 Carolinas Medical Center,Region  8,0
Deceased Donor,NCCM-TX1 Carolinas Medical Center,Region  9,0
Deceased Donor,NCCM-TX1 Carolinas Medical Center,Region  10,0
Deceased Donor,NCCM-TX1 Carolinas Medical Center,Region  11,53
Deceased Donor,NCDU-TX1 Duke University Hospital,All Regions,95
Deceased Donor,NCDU-TX1 Duke University Hospital,Region  1,0
Deceased Donor,NCDU-TX1 Duke University Hospital,Region  2,0
Deceased Donor,NCDU-TX1 Duke University Hospital,Region  3,0
Deceased Donor,NCDU-TX1 Duke University Hospital,Region  4,0
Deceased Donor,NCDU-TX1 Duke University Hospital,Region  5,0
Deceased Donor,NCDU-TX1 Duke University Hospital,Region  6,0
Deceased Donor,NCDU-TX1 Duke University Hospital,Region  7,0
Deceased Donor,NCDU-TX1 Duke University Hospital,Region  8,0
Deceased Donor,NCDU-TX1 Duke University Hospital,Region  9,0
Deceased Donor,NCDU-TX1 Duke University Hospital,Region  10,0
Deceased Donor,NCDU-TX1 Duke University Hospital,Region  11,95
Deceased Donor,NCMH-TX1 University of North Carolina Hospitals,All Regions,10
Deceased Donor,NCMH-TX1 University of North Carolina Hospitals,Region  1,0
Deceased Donor,NCMH-TX1 University of North Carolina Hospitals,Region  2,0
Deceased Donor,NCMH-TX1 University of North Carolina Hospitals,Region  3,0
Deceased Donor,NCMH-TX1 University of North Carolina Hospitals,Region  4,0
Deceased Donor,NCMH-TX1 University of North Carolina Hospitals,Region  5,0
Deceased Donor,NCMH-TX1 University of North Carolina Hospitals,Region  6,0
Deceased Donor,NCMH-TX1 University of North Carolina Hospitals,Region  7,0
Deceased Donor,NCMH-TX1 University of North Carolina Hospitals,Region  8,0
Deceased Donor,NCMH-TX1 University of North Carolina Hospitals,Region  9,0
Deceased Donor,NCMH-TX1 University of North Carolina Hospitals,Region  10,0
Deceased Donor,NCMH-TX1 University of North Carolina Hospitals,Region  11,10
Deceased Donor,NECH-TX1 Children’s Nebraska,All Regions,2
Deceased Donor,NECH-TX1 Children’s Nebraska,Region  1,0
Deceased Donor,NECH-TX1 Children’s Nebraska,Region  2,0
Deceased Donor,NECH-TX1 Children’s Nebraska,Region  3,0
Deceased Donor,NECH-TX1 Children’s Nebraska,Region  4,0
Deceased Donor,NECH-TX1 Children’s Nebraska,Region  5,0
Deceased Donor,NECH-TX1 Children’s Nebraska,Region  6,0
Deceased Donor,NECH-TX1 Children’s Nebraska,Region  7,0
Deceased Donor,NECH-TX1 Children’s Nebraska,Region  8,2
Deceased Donor,NECH-TX1 Children’s Nebraska,Region  9,0
Deceased Donor,NECH-TX1 Children’s Nebraska,Region  10,0
Deceased Donor,NECH-TX1 Children’s Nebraska,Region  11,0
Deceased Donor,NEUN-TX1 The Nebraska Medical Center,All Regions,30
Deceased Donor,NEUN-TX1 The Nebraska Medical Center,Region  1,0
Deceased Donor,NEUN-TX1 The Nebraska Medical Center,Region  2,0
Deceased Donor,NEUN-TX1 The Nebraska Medical Center,Region  3,0
Deceased Donor,NEUN-TX1 The Nebraska Medical Center,Region  4,0
Deceased Donor,NEUN-TX1 The Nebraska Medical Center,Region  5,0
Deceased Donor,NEUN-TX1 The Nebraska Medical Center,Region  6,0
Deceased Donor,NEUN-TX1 The Nebraska Medical Center,Region  7,0
Deceased Donor,NEUN-TX1 The Nebraska Medical Center,Region  8,30
Deceased Donor,NEUN-TX1 The Nebraska Medical Center,Region  9,0
Deceased Donor,NEUN-TX1 The Nebraska Medical Center,Region  10,0
Deceased Donor,NEUN-TX1 The Nebraska Medical Center,Region  11,0
Deceased Donor,NJBI-TX1 Newark Beth Israel Medical Center,All Regions,17
Deceased Donor,NJBI-TX1 Newark Beth Israel Medical Center,Region  1,0
Deceased Donor,NJBI-TX1 Newark Beth Israel Medical Center,Region  2,17
Deceased Donor,NJBI-TX1 Newark Beth Israel Medical Center,Region  3,0
Deceased Donor,NJBI-TX1 Newark Beth Israel Medical Center,Region  4,0
Deceased Donor,NJBI-TX1 Newark Beth Israel Medical Center,Region  5,0
Deceased Donor,NJBI-TX1 Newark Beth Israel Medical Center,Region  6,0
Deceased Donor,NJBI-TX1 Newark Beth Israel Medical Center,Region  7,0
Deceased Donor,NJBI-TX1 Newark Beth Israel Medical Center,Region  8,0
Deceased Donor,NJBI-TX1 Newark Beth Israel Medical Center,Region  9,0
Deceased Donor,NJBI-TX1 Newark Beth Israel Medical Center,Region  10,0
Deceased Donor,NJBI-TX1 Newark Beth Israel Medical Center,Region  11,0
Deceased Donor,NJRW-TX1 Robert Wood Johnson University Hospital,All Regions,21
Deceased Donor,NJRW-TX1 Robert Wood Johnson University Hospital,Region  1,0
Deceased Donor,NJRW-TX1 Robert Wood Johnson University Hospital,Region  2,21
Deceased Donor,NJRW-TX1 Robert Wood Johnson University Hospital,Region  3,0
Deceased Donor,NJRW-TX1 Robert Wood Johnson University Hospital,Region  4,0
Deceased Donor,NJRW-TX1 Robert Wood Johnson University Hospital,Region  5,0
Deceased Donor,NJRW-TX1 Robert Wood Johnson University Hospital,Region  6,0
Deceased Donor,NJRW-TX1 Robert Wood Johnson University Hospital,Region  7,0
Deceased Donor,NJRW-TX1 Robert Wood Johnson University Hospital,Region  8,0
Deceased Donor,NJRW-TX1 Robert Wood Johnson University Hospital,Region  9,0
Deceased Donor,NJRW-TX1 Robert Wood Johnson University Hospital,Region  10,0
Deceased Donor,NJRW-TX1 Robert Wood Johnson University Hospital,Region  11,0
Deceased Donor,NYCC-TX1 Long Island Jewish Medical Center-Cohen Children's Medical Center,All Regions,1
Deceased Donor,NYCC-TX1 Long Island Jewish Medical Center-Cohen Children's Medical Center,Region  1,0
Deceased Donor,NYCC-TX1 Long Island Jewish Medical Center-Cohen Children's Medical Center,Region  2,0
Deceased Donor,NYCC-TX1 Long Island Jewish Medical Center-Cohen Children's Medical Center,Region  3,0
Deceased Donor,NYCC-TX1 Long Island Jewish Medical Center-Cohen Children's Medical Center,Region  4,0
Deceased Donor,NYCC-TX1 Long Island Jewish Medical Center-Cohen Children's Medical Center,Region  5,0
Deceased Donor,NYCC-TX1 Long Island Jewish Medical Center-Cohen Children's Medical Center,Region  6,0
Deceased Donor,NYCC-TX1 Long Island Jewish Medical Center-Cohen Children's Medical Center,Region  7,0
Deceased Donor,NYCC-TX1 Long Island Jewish Medical Center-Cohen Children's Medical Center,Region  8,0
Deceased Donor,NYCC-TX1 Long Island Jewish Medical Center-Cohen Children's Medical Center,Region  9,1
Deceased Donor,NYCC-TX1 Long Island Jewish Medical Center-Cohen Children's Medical Center,Region  10,0
Deceased Donor,NYCC-TX1 Long Island Jewish Medical Center-Cohen Children's Medical Center,Region  11,0
Deceased Donor,NYCP-TX1 NY Presbyterian Hospital/Columbia Univ. Medical Center,All Regions,44
Deceased Donor,NYCP-TX1 NY Presbyterian Hospital/Columbia Univ. Medical Center,Region  1,0
Deceased Donor,NYCP-TX1 NY Presbyterian Hospital/Columbia Univ. Medical Center,Region  2,0
Deceased Donor,NYCP-TX1 NY Presbyterian Hospital/Columbia Univ. Medical Center,Region  3,0
Deceased Donor,NYCP-TX1 NY Presbyterian Hospital/Columbia Univ. Medical Center,Region  4,0
Deceased Donor,NYCP-TX1 NY Presbyterian Hospital/Columbia Univ. Medical Center,Region  5,0
Deceased Donor,NYCP-TX1 NY Presbyterian Hospital/Columbia Univ. Medical Center,Region  6,0
Deceased Donor,NYCP-TX1 NY Presbyterian Hospital/Columbia Univ. Medical Center,Region  7,0
Deceased Donor,NYCP-TX1 NY Presbyterian Hospital/Columbia Univ. Medical Center,Region  8,0
Deceased Donor,NYCP-TX1 NY Presbyterian Hospital/Columbia Univ. Medical Center,Region  9,44
Deceased Donor,NYCP-TX1 NY Presbyterian Hospital/Columbia Univ. Medical Center,Region  10,0
Deceased Donor,NYCP-TX1 NY Presbyterian Hospital/Columbia Univ. Medical Center,Region  11,0
Deceased Donor,"NYFL-TX1 Strong Memorial Hospital, University of Rochester Medical Center",All Regions,15
Deceased Donor,"NYFL-TX1 Strong Memorial Hospital, University of Rochester Medical Center",Region  1,0
Deceased Donor,"NYFL-TX1 Strong Memorial Hospital, University of Rochester Medical Center",Region  2,0
Deceased Donor,"NYFL-TX1 Strong Memorial Hospital, University of Rochester Medical Center",Region  3,0
Deceased Donor,"NYFL-TX1 Strong Memorial Hospital, University of Rochester Medical Center",Region  4,0
Deceased Donor,"NYFL-TX1 Strong Memorial Hospital, University of Rochester Medical Center",Region  5,0
Deceased Donor,"NYFL-TX1 Strong Memorial Hospital, University of Rochester Medical Center",Region  6,0
Deceased Donor,"NYFL-TX1 Strong Memorial Hospital, University of Rochester Medical Center",Region  7,0
Deceased Donor,"NYFL-TX1 Strong Memorial Hospital, University of Rochester Medical Center",Region  8,0
Deceased Donor,"NYFL-TX1 Strong Memorial Hospital, University of Rochester Medical Center",Region  9,15
Deceased Donor,"NYFL-TX1 Strong Memorial Hospital, University of Rochester Medical Center",Region  10,0
Deceased Donor,"NYFL-TX1 Strong Memorial Hospital, University of Rochester Medical Center",Region  11,0
Deceased Donor,NYMA-TX1 Montefiore Medical Center,All Regions,19
Deceased Donor,NYMA-TX1 Montefiore Medical Center,Region  1,0
Deceased Donor,NYMA-TX1 Montefiore Medical Center,Region  2,0
Deceased Donor,NYMA-TX1 Montefiore Medical Center,Region  3,0
Deceased Donor,NYMA-TX1 Montefiore Medical Center,Region  4,0
Deceased Donor,NYMA-TX1 Montefiore Medical Center,Region  5,0
Deceased Donor,NYMA-TX1 Montefiore Medical Center,Region  6,0
Deceased Donor,NYMA-TX1 Montefiore Medical Center,Region  7,0
Deceased Donor,NYMA-TX1 Montefiore Medical Center,Region  8,0
Deceased Donor,NYMA-TX1 Montefiore Medical Center,Region  9,19
Deceased Donor,NYMA-TX1 Montefiore Medical Center,Region  10,0
Deceased Donor,NYMA-TX1 Montefiore Medical Center,Region  11,0
Deceased Donor,NYMS-TX1 Mount Sinai Medical Center,All Regions,40
Deceased Donor,NYMS-TX1 Mount Sinai Medical Center,Region  1,0
Deceased Donor,NYMS-TX1 Mount Sinai Medical Center,Region  2,0
Deceased Donor,NYMS-TX1 Mount Sinai Medical Center,Region  3,0
Deceased Donor,NYMS-TX1 Mount Sinai Medical Center,Region  4,0
Deceased Donor,NYMS-TX1 Mount Sinai Medical Center,Region  5,0
Deceased Donor,NYMS-TX1 Mount Sinai Medical Center,Region  6,0
Deceased Donor,NYMS-TX1 Mount Sinai Medical Center,Region  7,0
Deceased Donor,NYMS-TX1 Mount Sinai Medical Center,Region  8,0
Deceased Donor,NYMS-TX1 Mount Sinai Medical Center,Region  9,40
Deceased Donor,NYMS-TX1 Mount Sinai Medical Center,Region  10,0
Deceased Donor,NYMS-TX1 Mount Sinai Medical Center,Region  11,0
Deceased Donor,NYNS-TX1 North Shore University Hospital/Northwell Health,All Regions,24
Deceased Donor,NYNS-TX1 North Shore University Hospital/Northwell Health,Region  1,0
Deceased Donor,NYNS-TX1 North Shore University Hospital/Northwell Health,Region  2,0
Deceased Donor,NYNS-TX1 North Shore University Hospital/Northwell Health,Region  3,0
Deceased Donor,NYNS-TX1 North Shore University Hospital/Northwell Health,Region  4,0
Deceased Donor,NYNS-TX1 North Shore University Hospital/Northwell Health,Region  5,0
Deceased Donor,NYNS-TX1 North Shore University Hospital/Northwell Health,Region  6,0
Deceased Donor,NYNS-TX1 North Shore University Hospital/Northwell Health,Region  7,0
Deceased Donor,NYNS-TX1 North Shore University Hospital/Northwell Health,Region  8,0
Deceased Donor,NYNS-TX1 North Shore University Hospital/Northwell Health,Region  9,24
Deceased Donor,NYNS-TX1 North Shore University Hospital/Northwell Health,Region  10,0
Deceased Donor,NYNS-TX1 North Shore University Hospital/Northwell Health,Region  11,0
Deceased Donor,NYNY-TX1 New York-Presbyterian Hospital/Weill Cornell Medical Center,All Regions,13
Deceased Donor,NYNY-TX1 New York-Presbyterian Hospital/Weill Cornell Medical Center,Region  1,0
Deceased Donor,NYNY-TX1 New York-Presbyterian Hospital/Weill Cornell Medical Center,Region  2,0
Deceased Donor,NYNY-TX1 New York-Presbyterian Hospital/Weill Cornell Medical Center,Region  3,0
Deceased Donor,NYNY-TX1 New York-Presbyterian Hospital/Weill Cornell Medical Center,Region  4,0
Deceased Donor,NYNY-TX1 New York-Presbyterian Hospital/Weill Cornell Medical Center,Region  5,0
Deceased Donor,NYNY-TX1 New York-Presbyterian Hospital/Weill Cornell Medical Center,Region  6,0
Deceased Donor,NYNY-TX1 New York-Presbyterian Hospital/Weill Cornell Medical Center,Region  7,0
Deceased Donor,NYNY-TX1 New York-Presbyterian Hospital/Weill Cornell Medical Center,Region  8,0
Deceased Donor,NYNY-TX1 New York-Presbyterian Hospital/Weill Cornell Medical Center,Region  9,13
Deceased Donor,NYNY-TX1 New York-Presbyterian Hospital/Weill Cornell Medical Center,Region  10,0
Deceased Donor,NYNY-TX1 New York-Presbyterian Hospital/Weill Cornell Medical Center,Region  11,0
Deceased Donor,NYUC-TX1 NYU Langone Health,All Regions,53
Deceased Donor,NYUC-TX1 NYU Langone Health,Region  1,0
Deceased Donor,NYUC-TX1 NYU Langone Health,Region  2,0
Deceased Donor,NYUC-TX1 NYU Langone Health,Region  3,0
Deceased Donor,NYUC-TX1 NYU Langone Health,Region  4,0
Deceased Donor,NYUC-TX1 NYU Langone Health,Region  5,0
Deceased Donor,NYUC-TX1 NYU Langone Health,Region  6,0
Deceased Donor,NYUC-TX1 NYU Langone Health,Region  7,0
Deceased Donor,NYUC-TX1 NYU Langone Health,Region  8,0
Deceased Donor,NYUC-TX1 NYU Langone Health,Region  9,53
Deceased Donor,NYUC-TX1 NYU Langone Health,Region  10,0
Deceased Donor,NYUC-TX1 NYU Langone Health,Region  11,0
Deceased Donor,NYWC-TX1 Westchester Medical Center,All Regions,13
Deceased Donor,NYWC-TX1 Westchester Medical Center,Region  1,0
Deceased Donor,NYWC-TX1 Westchester Medical Center,Region  2,0
Deceased Donor,NYWC-TX1 Westchester Medical Center,Region  3,0
Deceased Donor,NYWC-TX1 Westchester Medical Center,Region  4,0
Deceased Donor,NYWC-TX1 Westchester Medical Center,Region  5,0
Deceased Donor,NYWC-TX1 Westchester Medical Center,Region  6,0
Deceased Donor,NYWC-TX1 Westchester Medical Center,Region  7,0
Deceased Donor,NYWC-TX1 Westchester Medical Center,Region  8,0
Deceased Donor,NYWC-TX1 Westchester Medical Center,Region  9,13
Deceased Donor,NYWC-TX1 Westchester Medical Center,Region  10,0
Deceased Donor,NYWC-TX1 Westchester Medical Center,Region  11,0
Deceased Donor,OHCC-TX1 The Cleveland Clinic Foundation,All Regions,54
Deceased Donor,OHCC-TX1 The Cleveland Clinic Foundation,Region  1,0
Deceased Donor,OHCC-TX1 The Cleveland Clinic Foundation,Region  2,0
Deceased Donor,OHCC-TX1 The Cleveland Clinic Foundation,Region  3,0
Deceased Donor,OHCC-TX1 The Cleveland Clinic Foundation,Region  4,0
Deceased Donor,OHCC-TX1 The Cleveland Clinic Foundation,Region  5,0
Deceased Donor,OHCC-TX1 The Cleveland Clinic Foundation,Region  6,0
Deceased Donor,OHCC-TX1 The Cleveland Clinic Foundation,Region  7,0
Deceased Donor,OHCC-TX1 The Cleveland Clinic Foundation,Region  8,0
Deceased Donor,OHCC-TX1 The Cleveland Clinic Foundation,Region  9,0
Deceased Donor,OHCC-TX1 The Cleveland Clinic Foundation,Region  10,54
Deceased Donor,OHCC-TX1 The Cleveland Clinic Foundation,Region  11,0
Deceased Donor,OHCH-TX1 Nationwide Children's Hospital,All Regions,7
Deceased Donor,OHCH-TX1 Nationwide Children's Hospital,Region  1,0
Deceased Donor,OHCH-TX1 Nationwide Children's Hospital,Region  2,0
Deceased Donor,OHCH-TX1 Nationwide Children's Hospital,Region  3,0
Deceased Donor,OHCH-TX1 Nationwide Children's Hospital,Region  4,0
Deceased Donor,OHCH-TX1 Nationwide Children's Hospital,Region  5,0
Deceased Donor,OHCH-TX1 Nationwide Children's Hospital,Region  6,0
Deceased Donor,OHCH-TX1 Nationwide Children's Hospital,Region  7,0
Deceased Donor,OHCH-TX1 Nationwide Children's Hospital,Region  8,0
Deceased Donor,OHCH-TX1 Nationwide Children's Hospital,Region  9,0
Deceased Donor,OHCH-TX1 Nationwide Children's Hospital,Region  10,7
Deceased Donor,OHCH-TX1 Nationwide Children's Hospital,Region  11,0
Deceased Donor,OHCM-TX1 Children's Hospital Medical Center,All Regions,14
Deceased Donor,OHCM-TX1 Children's Hospital Medical Center,Region  1,0
Deceased Donor,OHCM-TX1 Children's Hospital Medical Center,Region  2,0
Deceased Donor,OHCM-TX1 Children's Hospital Medical Center,Region  3,0
Deceased Donor,OHCM-TX1 Children's Hospital Medical Center,Region  4,0
Deceased Donor,OHCM-TX1 Children's Hospital Medical Center,Region  5,0
Deceased Donor,OHCM-TX1 Children's Hospital Medical Center,Region  6,0
Deceased Donor,OHCM-TX1 Children's Hospital Medical Center,Region  7,0
Deceased Donor,OHCM-TX1 Children's Hospital Medical Center,Region  8,0
Deceased Donor,OHCM-TX1 Children's Hospital Medical Center,Region  9,0
Deceased Donor,OHCM-TX1 Children's Hospital Medical Center,Region  10,0
Deceased Donor,OHCM-TX1 Children's Hospital Medical Center,Region  11,14
Deceased Donor,OHOU-TX1 Ohio State University Medical Center,All Regions,32
Deceased Donor,OHOU-TX1 Ohio State University Medical Center,Region  1,0
Deceased Donor,OHOU-TX1 Ohio State University Medical Center,Region  2,0
Deceased Donor,OHOU-TX1 Ohio State University Medical Center,Region  3,0
Deceased Donor,OHOU-TX1 Ohio State University Medical Center,Region  4,0
Deceased Donor,OHOU-TX1 Ohio State University Medical Center,Region  5,0
Deceased Donor,OHOU-TX1 Ohio State University Medical Center,Region  6,0
Deceased Donor,OHOU-TX1 Ohio State University Medical Center,Region  7,0
Deceased Donor,OHOU-TX1 Ohio State University Medical Center,Region  8,0
Deceased Donor,OHOU-TX1 Ohio State University Medical Center,Region  9,0
Deceased Donor,OHOU-TX1 Ohio State University Medical Center,Region  10,32
Deceased Donor,OHOU-TX1 Ohio State University Medical Center,Region  11,0
Deceased Donor,OHTC-TX1 The Christ Hospital,All Regions,13
Deceased Donor,OHTC-TX1 The Christ Hospital,Region  1,0
Deceased Donor,OHTC-TX1 The Christ Hospital,Region  2,0
Deceased Donor,OHTC-TX1 The Christ Hospital,Region  3,0
Deceased Donor,OHTC-TX1 The Christ Hospital,Region  4,0
Deceased Donor,OHTC-TX1 The Christ Hospital,Region  5,0
Deceased Donor,OHTC-TX1 The Christ Hospital,Region  6,0
Deceased Donor,OHTC-TX1 The Christ Hospital,Region  7,0
Deceased Donor,OHTC-TX1 The Christ Hospital,Region  8,0
Deceased Donor,OHTC-TX1 The Christ Hospital,Region  9,0
Deceased Donor,OHTC-TX1 The Christ Hospital,Region  10,0
Deceased Donor,OHTC-TX1 The Christ Hospital,Region  11,13
Deceased Donor,OHUC-TX1 University of Cincinnati  Medical Center,All Regions,2
Deceased Donor,OHUC-TX1 University of Cincinnati  Medical Center,Region  1,0
Deceased Donor,OHUC-TX1 University of Cincinnati  Medical Center,Region  2,0
Deceased Donor,OHUC-TX1 University of Cincinnati  Medical Center,Region  3,0
Deceased Donor,OHUC-TX1 University of Cincinnati  Medical Center,Region  4,0
Deceased Donor,OHUC-TX1 University of Cincinnati  Medical Center,Region  5,0
Deceased Donor,OHUC-TX1 University of Cincinnati  Medical Center,Region  6,0
Deceased Donor,OHUC-TX1 University of Cincinnati  Medical Center,Region  7,0
Deceased Donor,OHUC-TX1 University of Cincinnati  Medical Center,Region  8,0
Deceased Donor,OHUC-TX1 University of Cincinnati  Medical Center,Region  9,0
Deceased Donor,OHUC-TX1 University of Cincinnati  Medical Center,Region  10,0
Deceased Donor,OHUC-TX1 University of Cincinnati  Medical Center,Region  11,2
Deceased Donor,OHUH-TX1 University Hospitals of Cleveland,All Regions,5
Deceased Donor,OHUH-TX1 University Hospitals of Cleveland,Region  1,0
Deceased Donor,OHUH-TX1 University Hospitals of Cleveland,Region  2,0
Deceased Donor,OHUH-TX1 University Hospitals of Cleveland,Region  3,0
Deceased Donor,OHUH-TX1 University Hospitals of Cleveland,Region  4,0
Deceased Donor,OHUH-TX1 University Hospitals of Cleveland,Region  5,0
Deceased Donor,OHUH-TX1 University Hospitals of Cleveland,Region  6,0
Deceased Donor,OHUH-TX1 University Hospitals of Cleveland,Region  7,0
Deceased Donor,OHUH-TX1 University Hospitals of Cleveland,Region  8,0
Deceased Donor,OHUH-TX1 University Hospitals of Cleveland,Region  9,0
Deceased Donor,OHUH-TX1 University Hospitals of Cleveland,Region  10,5
Deceased Donor,OHUH-TX1 University Hospitals of Cleveland,Region  11,0
Deceased Donor,OKBC-TX1 Integris Baptist Medical Center,All Regions,16
Deceased Donor,OKBC-TX1 Integris Baptist Medical Center,Region  1,0
Deceased Donor,OKBC-TX1 Integris Baptist Medical Center,Region  2,0
Deceased Donor,OKBC-TX1 Integris Baptist Medical Center,Region  3,0
Deceased Donor,OKBC-TX1 Integris Baptist Medical Center,Region  4,16
Deceased Donor,OKBC-TX1 Integris Baptist Medical Center,Region  5,0
Deceased Donor,OKBC-TX1 Integris Baptist Medical Center,Region  6,0
Deceased Donor,OKBC-TX1 Integris Baptist Medical Center,Region  7,0
Deceased Donor,OKBC-TX1 Integris Baptist Medical Center,Region  8,0
Deceased Donor,OKBC-TX1 Integris Baptist Medical Center,Region  9,0
Deceased Donor,OKBC-TX1 Integris Baptist Medical Center,Region  10,0
Deceased Donor,OKBC-TX1 Integris Baptist Medical Center,Region  11,0
Deceased Donor,OKCM-TX1 Children's Hospital of Oklahoma,All Regions,2
Deceased Donor,OKCM-TX1 Children's Hospital of Oklahoma,Region  1,0
Deceased Donor,OKCM-TX1 Children's Hospital of Oklahoma,Region  2,0
Deceased Donor,OKCM-TX1 Children's Hospital of Oklahoma,Region  3,0
Deceased Donor,OKCM-TX1 Children's Hospital of Oklahoma,Region  4,2
Deceased Donor,OKCM-TX1 Children's Hospital of Oklahoma,Region  5,0
Deceased Donor,OKCM-TX1 Children's Hospital of Oklahoma,Region  6,0
Deceased Donor,OKCM-TX1 Children's Hospital of Oklahoma,Region  7,0
Deceased Donor,OKCM-TX1 Children's Hospital of Oklahoma,Region  8,0
Deceased Donor,OKCM-TX1 Children's Hospital of Oklahoma,Region  9,0
Deceased Donor,OKCM-TX1 Children's Hospital of Oklahoma,Region  10,0
Deceased Donor,OKCM-TX1 Children's Hospital of Oklahoma,Region  11,0
Deceased Donor,ORSV-TX1 Providence St. Vincent Medical Center,All Regions,15
Deceased Donor,ORSV-TX1 Providence St. Vincent Medical Center,Region  1,0
Deceased Donor,ORSV-TX1 Providence St. Vincent Medical Center,Region  2,0
Deceased Donor,ORSV-TX1 Providence St. Vincent Medical Center,Region  3,0
Deceased Donor,ORSV-TX1 Providence St. Vincent Medical Center,Region  4,0
Deceased Donor,ORSV-TX1 Providence St. Vincent Medical Center,Region  5,0
Deceased Donor,ORSV-TX1 Providence St. Vincent Medical Center,Region  6,15
Deceased Donor,ORSV-TX1 Providence St. Vincent Medical Center,Region  7,0
Deceased Donor,ORSV-TX1 Providence St. Vincent Medical Center,Region  8,0
Deceased Donor,ORSV-TX1 Providence St. Vincent Medical Center,Region  9,0
Deceased Donor,ORSV-TX1 Providence St. Vincent Medical Center,Region  10,0
Deceased Donor,ORSV-TX1 Providence St. Vincent Medical Center,Region  11,0
Deceased Donor,ORUO-TX1 Oregon Health and Science University,All Regions,8
Deceased Donor,ORUO-TX1 Oregon Health and Science University,Region  1,0
Deceased Donor,ORUO-TX1 Oregon Health and Science University,Region  2,0
Deceased Donor,ORUO-TX1 Oregon Health and Science University,Region  3,0
Deceased Donor,ORUO-TX1 Oregon Health and Science University,Region  4,0
Deceased Donor,ORUO-TX1 Oregon Health and Science University,Region  5,0
Deceased Donor,ORUO-TX1 Oregon Health and Science University,Region  6,8
Deceased Donor,ORUO-TX1 Oregon Health and Science University,Region  7,0
Deceased Donor,ORUO-TX1 Oregon Health and Science University,Region  8,0
Deceased Donor,ORUO-TX1 Oregon Health and Science University,Region  9,0
Deceased Donor,ORUO-TX1 Oregon Health and Science University,Region  10,0
Deceased Donor,ORUO-TX1 Oregon Health and Science University,Region  11,0
Deceased Donor,PAAG-TX1 Allegheny General Hospital,All Regions,12
Deceased Donor,PAAG-TX1 Allegheny General Hospital,Region  1,0
Deceased Donor,PAAG-TX1 Allegheny General Hospital,Region  2,12
Deceased Donor,PAAG-TX1 Allegheny General Hospital,Region  3,0
Deceased Donor,PAAG-TX1 Allegheny General Hospital,Region  4,0
Deceased Donor,PAAG-TX1 Allegheny General Hospital,Region  5,0
Deceased Donor,PAAG-TX1 Allegheny General Hospital,Region  6,0
Deceased Donor,PAAG-TX1 Allegheny General Hospital,Region  7,0
Deceased Donor,PAAG-TX1 Allegheny General Hospital,Region  8,0
Deceased Donor,PAAG-TX1 Allegheny General Hospital,Region  9,0
Deceased Donor,PAAG-TX1 Allegheny General Hospital,Region  10,0
Deceased Donor,PAAG-TX1 Allegheny General Hospital,Region  11,0
Deceased Donor,PACH-TX1 UPMC Children's Hospital of Pittsburgh,All Regions,15
Deceased Donor,PACH-TX1 UPMC Children's Hospital of Pittsburgh,Region  1,0
Deceased Donor,PACH-TX1 UPMC Children's Hospital of Pittsburgh,Region  2,15
Deceased Donor,PACH-TX1 UPMC Children's Hospital of Pittsburgh,Region  3,0
Deceased Donor,PACH-TX1 UPMC Children's Hospital of Pittsburgh,Region  4,0
Deceased Donor,PACH-TX1 UPMC Children's Hospital of Pittsburgh,Region  5,0
Deceased Donor,PACH-TX1 UPMC Children's Hospital of Pittsburgh,Region  6,0
Deceased Donor,PACH-TX1 UPMC Children's Hospital of Pittsburgh,Region  7,0
Deceased Donor,PACH-TX1 UPMC Children's Hospital of Pittsburgh,Region  8,0
Deceased Donor,PACH-TX1 UPMC Children's Hospital of Pittsburgh,Region  9,0
Deceased Donor,PACH-TX1 UPMC Children's Hospital of Pittsburgh,Region  10,0
Deceased Donor,PACH-TX1 UPMC Children's Hospital of Pittsburgh,Region  11,0
Deceased Donor,PACP-TX1 Children's Hospital of Philadelphia,All Regions,7
Deceased Donor,PACP-TX1 Children's Hospital of Philadelphia,Region  1,0
Deceased Donor,PACP-TX1 Children's Hospital of Philadelphia,Region  2,7
Deceased Donor,PACP-TX1 Children's Hospital of Philadelphia,Region  3,0
Deceased Donor,PACP-TX1 Children's Hospital of Philadelphia,Region  4,0
Deceased Donor,PACP-TX1 Children's Hospital of Philadelphia,Region  5,0
Deceased Donor,PACP-TX1 Children's Hospital of Philadelphia,Region  6,0
Deceased Donor,PACP-TX1 Children's Hospital of Philadelphia,Region  7,0
Deceased Donor,PACP-TX1 Children's Hospital of Philadelphia,Region  8,0
Deceased Donor,PACP-TX1 Children's Hospital of Philadelphia,Region  9,0
Deceased Donor,PACP-TX1 Children's Hospital of Philadelphia,Region  10,0
Deceased Donor,PACP-TX1 Children's Hospital of Philadelphia,Region  11,0
Deceased Donor,PAHE-TX1 Penn State Milton S Hershey Medical Center,All Regions,8
Deceased Donor,PAHE-TX1 Penn State Milton S Hershey Medical Center,Region  1,0
Deceased Donor,PAHE-TX1 Penn State Milton S Hershey Medical Center,Region  2,8
Deceased Donor,PAHE-TX1 Penn State Milton S Hershey Medical Center,Region  3,0
Deceased Donor,PAHE-TX1 Penn State Milton S Hershey Medical Center,Region  4,0
Deceased Donor,PAHE-TX1 Penn State Milton S Hershey Medical Center,Region  5,0
Deceased Donor,PAHE-TX1 Penn State Milton S Hershey Medical Center,Region  6,0
Deceased Donor,PAHE-TX1 Penn State Milton S Hershey Medical Center,Region  7,0
Deceased Donor,PAHE-TX1 Penn State Milton S Hershey Medical Center,Region  8,0
Deceased Donor,PAHE-TX1 Penn State Milton S Hershey Medical Center,Region  9,0
Deceased Donor,PAHE-TX1 Penn State Milton S Hershey Medical Center,Region  10,0
Deceased Donor,PAHE-TX1 Penn State Milton S Hershey Medical Center,Region  11,0
Deceased Donor,PAPT-TX1 University of Pittsburgh Medical Center,All Regions,16
Deceased Donor,PAPT-TX1 University of Pittsburgh Medical Center,Region  1,0
Deceased Donor,PAPT-TX1 University of Pittsburgh Medical Center,Region  2,16
Deceased Donor,PAPT-TX1 University of Pittsburgh Medical Center,Region  3,0
Deceased Donor,PAPT-TX1 University of Pittsburgh Medical Center,Region  4,0
Deceased Donor,PAPT-TX1 University of Pittsburgh Medical Center,Region  5,0
Deceased Donor,PAPT-TX1 University of Pittsburgh Medical Center,Region  6,0
Deceased Donor,PAPT-TX1 University of Pittsburgh Medical Center,Region  7,0
Deceased Donor,PAPT-TX1 University of Pittsburgh Medical Center,Region  8,0
Deceased Donor,PAPT-TX1 University of Pittsburgh Medical Center,Region  9,0
Deceased Donor,PAPT-TX1 University of Pittsburgh Medical Center,Region  10,0
Deceased Donor,PAPT-TX1 University of Pittsburgh Medical Center,Region  11,0
Deceased Donor,PATJ-TX1 Thomas Jefferson University Hospital,All Regions,13
Deceased Donor,PATJ-TX1 Thomas Jefferson University Hospital,Region  1,0
Deceased Donor,PATJ-TX1 Thomas Jefferson University Hospital,Region  2,13
Deceased Donor,PATJ-TX1 Thomas Jefferson University Hospital,Region  3,0
Deceased Donor,PATJ-TX1 Thomas Jefferson University Hospital,Region  4,0
Deceased Donor,PATJ-TX1 Thomas Jefferson University Hospital,Region  5,0
Deceased Donor,PATJ-TX1 Thomas Jefferson University Hospital,Region  6,0
Deceased Donor,PATJ-TX1 Thomas Jefferson University Hospital,Region  7,0
Deceased Donor,PATJ-TX1 Thomas Jefferson University Hospital,Region  8,0
Deceased Donor,PATJ-TX1 Thomas Jefferson University Hospital,Region  9,0
Deceased Donor,PATJ-TX1 Thomas Jefferson University Hospital,Region  10,0
Deceased Donor,PATJ-TX1 Thomas Jefferson University Hospital,Region  11,0
Deceased Donor,PATU-TX1 Temple University Hospital,All Regions,1
Deceased Donor,PATU-TX1 Temple University Hospital,Region  1,0
Deceased Donor,PATU-TX1 Temple University Hospital,Region  2,1
Deceased Donor,PATU-TX1 Temple University Hospital,Region  3,0
Deceased Donor,PATU-TX1 Temple University Hospital,Region  4,0
Deceased Donor,PATU-TX1 Temple University Hospital,Region  5,0
Deceased Donor,PATU-TX1 Temple University Hospital,Region  6,0
Deceased Donor,PATU-TX1 Temple University Hospital,Region  7,0
Deceased Donor,PATU-TX1 Temple University Hospital,Region  8,0
Deceased Donor,PATU-TX1 Temple University Hospital,Region  9,0
Deceased Donor,PATU-TX1 Temple University Hospital,Region  10,0
Deceased Donor,PATU-TX1 Temple University Hospital,Region  11,0
Deceased Donor,PAUP-TX1 Hospital of the University of Pennsylvania,All Regions,38
Deceased Donor,PAUP-TX1 Hospital of the University of Pennsylvania,Region  1,0
Deceased Donor,PAUP-TX1 Hospital of the University of Pennsylvania,Region  2,38
Deceased Donor,PAUP-TX1 Hospital of the University of Pennsylvania,Region  3,0
Deceased Donor,PAUP-TX1 Hospital of the University of Pennsylvania,Region  4,0
Deceased Donor,PAUP-TX1 Hospital of the University of Pennsylvania,Region  5,0
Deceased Donor,PAUP-TX1 Hospital of the University of Pennsylvania,Region  6,0
Deceased Donor,PAUP-TX1 Hospital of the University of Pennsylvania,Region  7,0
Deceased Donor,PAUP-TX1 Hospital of the University of Pennsylvania,Region  8,0
Deceased Donor,PAUP-TX1 Hospital of the University of Pennsylvania,Region  9,0
Deceased Donor,PAUP-TX1 Hospital of the University of Pennsylvania,Region  10,0
Deceased Donor,PAUP-TX1 Hospital of the University of Pennsylvania,Region  11,0
Deceased Donor,PRCC-TX1 Cardiovascular Center of Puerto Rico and the Caribbean,All Regions,2
Deceased Donor,PRCC-TX1 Cardiovascular Center of Puerto Rico and the Caribbean,Region  1,0
Deceased Donor,PRCC-TX1 Cardiovascular Center of Puerto Rico and the Caribbean,Region  2,0
Deceased Donor,PRCC-TX1 Cardiovascular Center of Puerto Rico and the Caribbean,Region  3,2
Deceased Donor,PRCC-TX1 Cardiovascular Center of Puerto Rico and the Caribbean,Region  4,0
Deceased Donor,PRCC-TX1 Cardiovascular Center of Puerto Rico and the Caribbean,Region  5,0
Deceased Donor,PRCC-TX1 Cardiovascular Center of Puerto Rico and the Caribbean,Region  6,0
Deceased Donor,PRCC-TX1 Cardiovascular Center of Puerto Rico and the Caribbean,Region  7,0
Deceased Donor,PRCC-TX1 Cardiovascular Center of Puerto Rico and the Caribbean,Region  8,0
Deceased Donor,PRCC-TX1 Cardiovascular Center of Puerto Rico and the Caribbean,Region  9,0
Deceased Donor,PRCC-TX1 Cardiovascular Center of Puerto Rico and the Caribbean,Region  10,0
Deceased Donor,PRCC-TX1 Cardiovascular Center of Puerto Rico and the Caribbean,Region  11,0
Deceased Donor,SCCH-TX1 MUSC Children's Hospital,All Regions,6
Deceased Donor,SCCH-TX1 MUSC Children's Hospital,Region  1,0
Deceased Donor,SCCH-TX1 MUSC Children's Hospital,Region  2,0
Deceased Donor,SCCH-TX1 MUSC Children's Hospital,Region  3,0
Deceased Donor,SCCH-TX1 MUSC Children's Hospital,Region  4,0
Deceased Donor,SCCH-TX1 MUSC Children's Hospital,Region  5,0
Deceased Donor,SCCH-TX1 MUSC Children's Hospital,Region  6,0
Deceased Donor,SCCH-TX1 MUSC Children's Hospital,Region  7,0
Deceased Donor,SCCH-TX1 MUSC Children's Hospital,Region  8,0
Deceased Donor,SCCH-TX1 MUSC Children's Hospital,Region  9,0
Deceased Donor,SCCH-TX1 MUSC Children's Hospital,Region  10,0
Deceased Donor,SCCH-TX1 MUSC Children's Hospital,Region  11,6
Deceased Donor,SCMU-TX1 Medical University of South Carolina,All Regions,41
Deceased Donor,SCMU-TX1 Medical University of South Carolina,Region  1,0
Deceased Donor,SCMU-TX1 Medical University of South Carolina,Region  2,0
Deceased Donor,SCMU-TX1 Medical University of South Carolina,Region  3,0
Deceased Donor,SCMU-TX1 Medical University of South Carolina,Region  4,0
Deceased Donor,SCMU-TX1 Medical University of South Carolina,Region  5,0
Deceased Donor,SCMU-TX1 Medical University of South Carolina,Region  6,0
Deceased Donor,SCMU-TX1 Medical University of South Carolina,Region  7,0
Deceased Donor,SCMU-TX1 Medical University of South Carolina,Region  8,0
Deceased Donor,SCMU-TX1 Medical University of South Carolina,Region  9,0
Deceased Donor,SCMU-TX1 Medical University of South Carolina,Region  10,0
Deceased Donor,SCMU-TX1 Medical University of South Carolina,Region  11,41
Deceased Donor,TNBM-TX1 Baptist Memorial Hospital,All Regions,6
Deceased Donor,TNBM-TX1 Baptist Memorial Hospital,Region  1,0
Deceased Donor,TNBM-TX1 Baptist Memorial Hospital,Region  2,0
Deceased Donor,TNBM-TX1 Baptist Memorial Hospital,Region  3,0
Deceased Donor,TNBM-TX1 Baptist Memorial Hospital,Region  4,0
Deceased Donor,TNBM-TX1 Baptist Memorial Hospital,Region  5,0
Deceased Donor,TNBM-TX1 Baptist Memorial Hospital,Region  6,0
Deceased Donor,TNBM-TX1 Baptist Memorial Hospital,Region  7,0
Deceased Donor,TNBM-TX1 Baptist Memorial Hospital,Region  8,0
Deceased Donor,TNBM-TX1 Baptist Memorial Hospital,Region  9,0
Deceased Donor,TNBM-TX1 Baptist Memorial Hospital,Region  10,0
Deceased Donor,TNBM-TX1 Baptist Memorial Hospital,Region  11,6
Deceased Donor,TNLB-TX1 Le Bonheur Children's Medical Center,All Regions,7
Deceased Donor,TNLB-TX1 Le Bonheur Children's Medical Center,Region  1,0
Deceased Donor,TNLB-TX1 Le Bonheur Children's Medical Center,Region  2,0
Deceased Donor,TNLB-TX1 Le Bonheur Children's Medical Center,Region  3,0
Deceased Donor,TNLB-TX1 Le Bonheur Children's Medical Center,Region  4,0
Deceased Donor,TNLB-TX1 Le Bonheur Children's Medical Center,Region  5,0
Deceased Donor,TNLB-TX1 Le Bonheur Children's Medical Center,Region  6,0
Deceased Donor,TNLB-TX1 Le Bonheur Children's Medical Center,Region  7,0
Deceased Donor,TNLB-TX1 Le Bonheur Children's Medical Center,Region  8,0
Deceased Donor,TNLB-TX1 Le Bonheur Children's Medical Center,Region  9,0
Deceased Donor,TNLB-TX1 Le Bonheur Children's Medical Center,Region  10,0
Deceased Donor,TNLB-TX1 Le Bonheur Children's Medical Center,Region  11,7
Deceased Donor,TNST-TX1 Saint Thomas Hospital,All Regions,22
Deceased Donor,TNST-TX1 Saint Thomas Hospital,Region  1,0
Deceased Donor,TNST-TX1 Saint Thomas Hospital,Region  2,0
Deceased Donor,TNST-TX1 Saint Thomas Hospital,Region  3,0
Deceased Donor,TNST-TX1 Saint Thomas Hospital,Region  4,0
Deceased Donor,TNST-TX1 Saint Thomas Hospital,Region  5,0
Deceased Donor,TNST-TX1 Saint Thomas Hospital,Region  6,0
Deceased Donor,TNST-TX1 Saint Thomas Hospital,Region  7,0
Deceased Donor,TNST-TX1 Saint Thomas Hospital,Region  8,0
Deceased Donor,TNST-TX1 Saint Thomas Hospital,Region  9,0
Deceased Donor,TNST-TX1 Saint Thomas Hospital,Region  10,0
Deceased Donor,TNST-TX1 Saint Thomas Hospital,Region  11,22
Deceased Donor,TNVU-TX1 Vanderbilt University Medical Center,All Regions,120
Deceased Donor,TNVU-TX1 Vanderbilt University Medical Center,Region  1,0
Deceased Donor,TNVU-TX1 Vanderbilt University Medical Center,Region  2,0
Deceased Donor,TNVU-TX1 Vanderbilt University Medical Center,Region  3,0
Deceased Donor,TNVU-TX1 Vanderbilt University Medical Center,Region  4,0
Deceased Donor,TNVU-TX1 Vanderbilt University Medical Center,Region  5,0
Deceased Donor,TNVU-TX1 Vanderbilt University Medical Center,Region  6,0
Deceased Donor,TNVU-TX1 Vanderbilt University Medical Center,Region  7,0
Deceased Donor,TNVU-TX1 Vanderbilt University Medical Center,Region  8,0
Deceased Donor,TNVU-TX1 Vanderbilt University Medical Center,Region  9,0
Deceased Donor,TNVU-TX1 Vanderbilt University Medical Center,Region  10,0
Deceased Donor,TNVU-TX1 Vanderbilt University Medical Center,Region  11,120
Deceased Donor,TXCF-TX1 Cook Children's Medical Center,All Regions,1
Deceased Donor,TXCF-TX1 Cook Children's Medical Center,Region  1,0
Deceased Donor,TXCF-TX1 Cook Children's Medical Center,Region  2,0
Deceased Donor,TXCF-TX1 Cook Children's Medical Center,Region  3,0
Deceased Donor,TXCF-TX1 Cook Children's Medical Center,Region  4,1
Deceased Donor,TXCF-TX1 Cook Children's Medical Center,Region  5,0
Deceased Donor,TXCF-TX1 Cook Children's Medical Center,Region  6,0
Deceased Donor,TXCF-TX1 Cook Children's Medical Center,Region  7,0
Deceased Donor,TXCF-TX1 Cook Children's Medical Center,Region  8,0
Deceased Donor,TXCF-TX1 Cook Children's Medical Center,Region  9,0
Deceased Donor,TXCF-TX1 Cook Children's Medical Center,Region  10,0
Deceased Donor,TXCF-TX1 Cook Children's Medical Center,Region  11,0
Deceased Donor,TXCM-TX1 Children's Medical Center of Dallas,All Regions,16
Deceased Donor,TXCM-TX1 Children's Medical Center of Dallas,Region  1,0
Deceased Donor,TXCM-TX1 Children's Medical Center of Dallas,Region  2,0
Deceased Donor,TXCM-TX1 Children's Medical Center of Dallas,Region  3,0
Deceased Donor,TXCM-TX1 Children's Medical Center of Dallas,Region  4,16
Deceased Donor,TXCM-TX1 Children's Medical Center of Dallas,Region  5,0
Deceased Donor,TXCM-TX1 Children's Medical Center of Dallas,Region  6,0
Deceased Donor,TXCM-TX1 Children's Medical Center of Dallas,Region  7,0
Deceased Donor,TXCM-TX1 Children's Medical Center of Dallas,Region  8,0
Deceased Donor,TXCM-TX1 Children's Medical Center of Dallas,Region  9,0
Deceased Donor,TXCM-TX1 Children's Medical Center of Dallas,Region  10,0
Deceased Donor,TXCM-TX1 Children's Medical Center of Dallas,Region  11,0
Deceased Donor,TXCT-TX1 Seton Medical Center Austin,All Regions,8
Deceased Donor,TXCT-TX1 Seton Medical Center Austin,Region  1,0
Deceased Donor,TXCT-TX1 Seton Medical Center Austin,Region  2,0
Deceased Donor,TXCT-TX1 Seton Medical Center Austin,Region  3,0
Deceased Donor,TXCT-TX1 Seton Medical Center Austin,Region  4,8
Deceased Donor,TXCT-TX1 Seton Medical Center Austin,Region  5,0
Deceased Donor,TXCT-TX1 Seton Medical Center Austin,Region  6,0
Deceased Donor,TXCT-TX1 Seton Medical Center Austin,Region  7,0
Deceased Donor,TXCT-TX1 Seton Medical Center Austin,Region  8,0
Deceased Donor,TXCT-TX1 Seton Medical Center Austin,Region  9,0
Deceased Donor,TXCT-TX1 Seton Medical Center Austin,Region  10,0
Deceased Donor,TXCT-TX1 Seton Medical Center Austin,Region  11,0
Deceased Donor,TXDL-TX1 Dell Children's Medical Center,All Regions,6
Deceased Donor,TXDL-TX1 Dell Children's Medical Center,Region  1,0
Deceased Donor,TXDL-TX1 Dell Children's Medical Center,Region  2,0
Deceased Donor,TXDL-TX1 Dell Children's Medical Center,Region  3,0
Deceased Donor,TXDL-TX1 Dell Children's Medical Center,Region  4,6
Deceased Donor,TXDL-TX1 Dell Children's Medical Center,Region  5,0
Deceased Donor,TXDL-TX1 Dell Children's Medical Center,Region  6,0
Deceased Donor,TXDL-TX1 Dell Children's Medical Center,Region  7,0
Deceased Donor,TXDL-TX1 Dell Children's Medical Center,Region  8,0
Deceased Donor,TXDL-TX1 Dell Children's Medical Center,Region  9,0
Deceased Donor,TXDL-TX1 Dell Children's Medical Center,Region  10,0
Deceased Donor,TXDL-TX1 Dell Children's Medical Center,Region  11,0
Deceased Donor,TXHD-TX1 Medical City Dallas Hospital,All Regions,12
Deceased Donor,TXHD-TX1 Medical City Dallas Hospital,Region  1,0
Deceased Donor,TXHD-TX1 Medical City Dallas Hospital,Region  2,0
Deceased Donor,TXHD-TX1 Medical City Dallas Hospital,Region  3,0
Deceased Donor,TXHD-TX1 Medical City Dallas Hospital,Region  4,12
Deceased Donor,TXHD-TX1 Medical City Dallas Hospital,Region  5,0
Deceased Donor,TXHD-TX1 Medical City Dallas Hospital,Region  6,0
Deceased Donor,TXHD-TX1 Medical City Dallas Hospital,Region  7,0
Deceased Donor,TXHD-TX1 Medical City Dallas Hospital,Region  8,0
Deceased Donor,TXHD-TX1 Medical City Dallas Hospital,Region  9,0
Deceased Donor,TXHD-TX1 Medical City Dallas Hospital,Region  10,0
Deceased Donor,TXHD-TX1 Medical City Dallas Hospital,Region  11,0
Deceased Donor,"TXHH-TX1 Memorial Hermann Hospital, University of Texas at Houston",All Regions,24
Deceased Donor,"TXHH-TX1 Memorial Hermann Hospital, University of Texas at Houston",Region  1,0
Deceased Donor,"TXHH-TX1 Memorial Hermann Hospital, University of Texas at Houston",Region  2,0
Deceased Donor,"TXHH-TX1 Memorial Hermann Hospital, University of Texas at Houston",Region  3,0
Deceased Donor,"TXHH-TX1 Memorial Hermann Hospital, University of Texas at Houston",Region  4,24
Deceased Donor,"TXHH-TX1 Memorial Hermann Hospital, University of Texas at Houston",Region  5,0
Deceased Donor,"TXHH-TX1 Memorial Hermann Hospital, University of Texas at Houston",Region  6,0
Deceased Donor,"TXHH-TX1 Memorial Hermann Hospital, University of Texas at Houston",Region  7,0
Deceased Donor,"TXHH-TX1 Memorial Hermann Hospital, University of Texas at Houston",Region  8,0
Deceased Donor,"TXHH-TX1 Memorial Hermann Hospital, University of Texas at Houston",Region  9,0
Deceased Donor,"TXHH-TX1 Memorial Hermann Hospital, University of Texas at Houston",Region  10,0
Deceased Donor,"TXHH-TX1 Memorial Hermann Hospital, University of Texas at Houston",Region  11,0
Deceased Donor,TXHI-TX1 CHI St. Luke's Health Baylor College of Medicine Medical Center,All Regions,21
Deceased Donor,TXHI-TX1 CHI St. Luke's Health Baylor College of Medicine Medical Center,Region  1,0
Deceased Donor,TXHI-TX1 CHI St. Luke's Health Baylor College of Medicine Medical Center,Region  2,0
Deceased Donor,TXHI-TX1 CHI St. Luke's Health Baylor College of Medicine Medical Center,Region  3,0
Deceased Donor,TXHI-TX1 CHI St. Luke's Health Baylor College of Medicine Medical Center,Region  4,21
Deceased Donor,TXHI-TX1 CHI St. Luke's Health Baylor College of Medicine Medical Center,Region  5,0
Deceased Donor,TXHI-TX1 CHI St. Luke's Health Baylor College of Medicine Medical Center,Region  6,0
Deceased Donor,TXHI-TX1 CHI St. Luke's Health Baylor College of Medicine Medical Center,Region  7,0
Deceased Donor,TXHI-TX1 CHI St. Luke's Health Baylor College of Medicine Medical Center,Region  8,0
Deceased Donor,TXHI-TX1 CHI St. Luke's Health Baylor College of Medicine Medical Center,Region  9,0
Deceased Donor,TXHI-TX1 CHI St. Luke's Health Baylor College of Medicine Medical Center,Region  10,0
Deceased Donor,TXHI-TX1 CHI St. Luke's Health Baylor College of Medicine Medical Center,Region  11,0
Deceased Donor,TXHS-TX1 Methodist Specialty and Transplant Hospital,All Regions,41
Deceased Donor,TXHS-TX1 Methodist Specialty and Transplant Hospital,Region  1,0
Deceased Donor,TXHS-TX1 Methodist Specialty and Transplant Hospital,Region  2,0
Deceased Donor,TXHS-TX1 Methodist Specialty and Transplant Hospital,Region  3,0
Deceased Donor,TXHS-TX1 Methodist Specialty and Transplant Hospital,Region  4,41
Deceased Donor,TXHS-TX1 Methodist Specialty and Transplant Hospital,Region  5,0
Deceased Donor,TXHS-TX1 Methodist Specialty and Transplant Hospital,Region  6,0
Deceased Donor,TXHS-TX1 Methodist Specialty and Transplant Hospital,Region  7,0
Deceased Donor,TXHS-TX1 Methodist Specialty and Transplant Hospital,Region  8,0
Deceased Donor,TXHS-TX1 Methodist Specialty and Transplant Hospital,Region  9,0
Deceased Donor,TXHS-TX1 Methodist Specialty and Transplant Hospital,Region  10,0
Deceased Donor,TXHS-TX1 Methodist Specialty and Transplant Hospital,Region  11,0
Deceased Donor,TXJS-TX1 University of Texas Medical Branch at Galveston,All Regions,1
Deceased Donor,TXJS-TX1 University of Texas Medical Branch at Galveston,Region  1,0
Deceased Donor,TXJS-TX1 University of Texas Medical Branch at Galveston,Region  2,0
Deceased Donor,TXJS-TX1 University of Texas Medical Branch at Galveston,Region  3,0
Deceased Donor,TXJS-TX1 University of Texas Medical Branch at Galveston,Region  4,1
Deceased Donor,TXJS-TX1 University of Texas Medical Branch at Galveston,Region  5,0
Deceased Donor,TXJS-TX1 University of Texas Medical Branch at Galveston,Region  6,0
Deceased Donor,TXJS-TX1 University of Texas Medical Branch at Galveston,Region  7,0
Deceased Donor,TXJS-TX1 University of Texas Medical Branch at Galveston,Region  8,0
Deceased Donor,TXJS-TX1 University of Texas Medical Branch at Galveston,Region  9,0
Deceased Donor,TXJS-TX1 University of Texas Medical Branch at Galveston,Region  10,0
Deceased Donor,TXJS-TX1 University of Texas Medical Branch at Galveston,Region  11,0
Deceased Donor,TXMH-TX1 Houston Methodist Hospital,All Regions,45
Deceased Donor,TXMH-TX1 Houston Methodist Hospital,Region  1,0
Deceased Donor,TXMH-TX1 Houston Methodist Hospital,Region  2,0
Deceased Donor,TXMH-TX1 Houston Methodist Hospital,Region  3,0
Deceased Donor,TXMH-TX1 Houston Methodist Hospital,Region  4,45
Deceased Donor,TXMH-TX1 Houston Methodist Hospital,Region  5,0
Deceased Donor,TXMH-TX1 Houston Methodist Hospital,Region  6,0
Deceased Donor,TXMH-TX1 Houston Methodist Hospital,Region  7,0
Deceased Donor,TXMH-TX1 Houston Methodist Hospital,Region  8,0
Deceased Donor,TXMH-TX1 Houston Methodist Hospital,Region  9,0
Deceased Donor,TXMH-TX1 Houston Methodist Hospital,Region  10,0
Deceased Donor,TXMH-TX1 Houston Methodist Hospital,Region  11,0
Deceased Donor,TXSP-TX1 UT Southwestern Medical Center/William P. Clements Jr. University Hospital,All Regions,38
Deceased Donor,TXSP-TX1 UT Southwestern Medical Center/William P. Clements Jr. University Hospital,Region  1,0
Deceased Donor,TXSP-TX1 UT Southwestern Medical Center/William P. Clements Jr. University Hospital,Region  2,0
Deceased Donor,TXSP-TX1 UT Southwestern Medical Center/William P. Clements Jr. University Hospital,Region  3,0
Deceased Donor,TXSP-TX1 UT Southwestern Medical Center/William P. Clements Jr. University Hospital,Region  4,38
Deceased Donor,TXSP-TX1 UT Southwestern Medical Center/William P. Clements Jr. University Hospital,Region  5,0
Deceased Donor,TXSP-TX1 UT Southwestern Medical Center/William P. Clements Jr. University Hospital,Region  6,0
Deceased Donor,TXSP-TX1 UT Southwestern Medical Center/William P. Clements Jr. University Hospital,Region  7,0
Deceased Donor,TXSP-TX1 UT Southwestern Medical Center/William P. Clements Jr. University Hospital,Region  8,0
Deceased Donor,TXSP-TX1 UT Southwestern Medical Center/William P. Clements Jr. University Hospital,Region  9,0
Deceased Donor,TXSP-TX1 UT Southwestern Medical Center/William P. Clements Jr. University Hospital,Region  10,0
Deceased Donor,TXSP-TX1 UT Southwestern Medical Center/William P. Clements Jr. University Hospital,Region  11,0
Deceased Donor,TXSW-TX1 Scott and White Memorial Hospital,All Regions,10
Deceased Donor,TXSW-TX1 Scott and White Memorial Hospital,Region  1,0
Deceased Donor,TXSW-TX1 Scott and White Memorial Hospital,Region  2,0
Deceased Donor,TXSW-TX1 Scott and White Memorial Hospital,Region  3,0
Deceased Donor,TXSW-TX1 Scott and White Memorial Hospital,Region  4,10
Deceased Donor,TXSW-TX1 Scott and White Memorial Hospital,Region  5,0
Deceased Donor,TXSW-TX1 Scott and White Memorial Hospital,Region  6,0
Deceased Donor,TXSW-TX1 Scott and White Memorial Hospital,Region  7,0
Deceased Donor,TXSW-TX1 Scott and White Memorial Hospital,Region  8,0
Deceased Donor,TXSW-TX1 Scott and White Memorial Hospital,Region  9,0
Deceased Donor,TXSW-TX1 Scott and White Memorial Hospital,Region  10,0
Deceased Donor,TXSW-TX1 Scott and White Memorial Hospital,Region  11,0
Deceased Donor,TXTC-TX1 Texas Children's Hospital,All Regions,22
Deceased Donor,TXTC-TX1 Texas Children's Hospital,Region  1,0
Deceased Donor,TXTC-TX1 Texas Children's Hospital,Region  2,0
Deceased Donor,TXTC-TX1 Texas Children's Hospital,Region  3,0
Deceased Donor,TXTC-TX1 Texas Children's Hospital,Region  4,22
Deceased Donor,TXTC-TX1 Texas Children's Hospital,Region  5,0
Deceased Donor,TXTC-TX1 Texas Children's Hospital,Region  6,0
Deceased Donor,TXTC-TX1 Texas Children's Hospital,Region  7,0
Deceased Donor,TXTC-TX1 Texas Children's Hospital,Region  8,0
Deceased Donor,TXTC-TX1 Texas Children's Hospital,Region  9,0
Deceased Donor,TXTC-TX1 Texas Children's Hospital,Region  10,0
Deceased Donor,TXTC-TX1 Texas Children's Hospital,Region  11,0
Deceased Donor,TXTX-TX1 Baylor University Medical Center,All Regions,49
Deceased Donor,TXTX-TX1 Baylor University Medical Center,Region  1,0
Deceased Donor,TXTX-TX1 Baylor University Medical Center,Region  2,0
Deceased Donor,TXTX-TX1 Baylor University Medical Center,Region  3,0
Deceased Donor,TXTX-TX1 Baylor University Medical Center,Region  4,49
Deceased Donor,TXTX-TX1 Baylor University Medical Center,Region  5,0
Deceased Donor,TXTX-TX1 Baylor University Medical Center,Region  6,0
Deceased Donor,TXTX-TX1 Baylor University Medical Center,Region  7,0
Deceased Donor,TXTX-TX1 Baylor University Medical Center,Region  8,0
Deceased Donor,TXTX-TX1 Baylor University Medical Center,Region  9,0
Deceased Donor,TXTX-TX1 Baylor University Medical Center,Region  10,0
Deceased Donor,TXTX-TX1 Baylor University Medical Center,Region  11,0
Deceased Donor,TXVA-TX1 Michael E. DeBakey VA Medical Center,All Regions,1
Deceased Donor,TXVA-TX1 Michael E. DeBakey VA Medical Center,Region  1,0
Deceased Donor,TXVA-TX1 Michael E. DeBakey VA Medical Center,Region  2,0
Deceased Donor,TXVA-TX1 Michael E. DeBakey VA Medical Center,Region  3,0
Deceased Donor,TXVA-TX1 Michael E. DeBakey VA Medical Center,Region  4,1
Deceased Donor,TXVA-TX1 Michael E. DeBakey VA Medical Center,Region  5,0
Deceased Donor,TXVA-TX1 Michael E. DeBakey VA Medical Center,Region  6,0
Deceased Donor,TXVA-TX1 Michael E. DeBakey VA Medical Center,Region  7,0
Deceased Donor,TXVA-TX1 Michael E. DeBakey VA Medical Center,Region  8,0
Deceased Donor,TXVA-TX1 Michael E. DeBakey VA Medical Center,Region  9,0
Deceased Donor,TXVA-TX1 Michael E. DeBakey VA Medical Center,Region  10,0
Deceased Donor,TXVA-TX1 Michael E. DeBakey VA Medical Center,Region  11,0
Deceased Donor,UTLD-TX1 Intermountain Medical Center,All Regions,24
Deceased Donor,UTLD-TX1 Intermountain Medical Center,Region  1,0
Deceased Donor,UTLD-TX1 Intermountain Medical Center,Region  2,0
Deceased Donor,UTLD-TX1 Intermountain Medical Center,Region  3,0
Deceased Donor,UTLD-TX1 Intermountain Medical Center,Region  4,0
Deceased Donor,UTLD-TX1 Intermountain Medical Center,Region  5,24
Deceased Donor,UTLD-TX1 Intermountain Medical Center,Region  6,0
Deceased Donor,UTLD-TX1 Intermountain Medical Center,Region  7,0
Deceased Donor,UTLD-TX1 Intermountain Medical Center,Region  8,0
Deceased Donor,UTLD-TX1 Intermountain Medical Center,Region  9,0
Deceased Donor,UTLD-TX1 Intermountain Medical Center,Region  10,0
Deceased Donor,UTLD-TX1 Intermountain Medical Center,Region  11,0
Deceased Donor,UTMC-TX1 University of Utah Medical Center,All Regions,32
Deceased Donor,UTMC-TX1 University of Utah Medical Center,Region  1,0
Deceased Donor,UTMC-TX1 University of Utah Medical Center,Region  2,0
Deceased Donor,UTMC-TX1 University of Utah Medical Center,Region  3,0
Deceased Donor,UTMC-TX1 University of Utah Medical Center,Region  4,0
Deceased Donor,UTMC-TX1 University of Utah Medical Center,Region  5,32
Deceased Donor,UTMC-TX1 University of Utah Medical Center,Region  6,0
Deceased Donor,UTMC-TX1 University of Utah Medical Center,Region  7,0
Deceased Donor,UTMC-TX1 University of Utah Medical Center,Region  8,0
Deceased Donor,UTMC-TX1 University of Utah Medical Center,Region  9,0
Deceased Donor,UTMC-TX1 University of Utah Medical Center,Region  10,0
Deceased Donor,UTMC-TX1 University of Utah Medical Center,Region  11,0
Deceased Donor,UTPC-TX1 Primary Children's Hospital,All Regions,12
Deceased Donor,UTPC-TX1 Primary Children's Hospital,Region  1,0
Deceased Donor,UTPC-TX1 Primary Children's Hospital,Region  2,0
Deceased Donor,UTPC-TX1 Primary Children's Hospital,Region  3,0
Deceased Donor,UTPC-TX1 Primary Children's Hospital,Region  4,0
Deceased Donor,UTPC-TX1 Primary Children's Hospital,Region  5,12
Deceased Donor,UTPC-TX1 Primary Children's Hospital,Region  6,0
Deceased Donor,UTPC-TX1 Primary Children's Hospital,Region  7,0
Deceased Donor,UTPC-TX1 Primary Children's Hospital,Region  8,0
Deceased Donor,UTPC-TX1 Primary Children's Hospital,Region  9,0
Deceased Donor,UTPC-TX1 Primary Children's Hospital,Region  10,0
Deceased Donor,UTPC-TX1 Primary Children's Hospital,Region  11,0
Deceased Donor,VAFH-TX1 Inova Fairfax Hospital,All Regions,24
Deceased Donor,VAFH-TX1 Inova Fairfax Hospital,Region  1,0
Deceased Donor,VAFH-TX1 Inova Fairfax Hospital,Region  2,24
Deceased Donor,VAFH-TX1 Inova Fairfax Hospital,Region  3,0
Deceased Donor,VAFH-TX1 Inova Fairfax Hospital,Region  4,0
Deceased Donor,VAFH-TX1 Inova Fairfax Hospital,Region  5,0
Deceased Donor,VAFH-TX1 Inova Fairfax Hospital,Region  6,0
Deceased Donor,VAFH-TX1 Inova Fairfax Hospital,Region  7,0
Deceased Donor,VAFH-TX1 Inova Fairfax Hospital,Region  8,0
Deceased Donor,VAFH-TX1 Inova Fairfax Hospital,Region  9,0
Deceased Donor,VAFH-TX1 Inova Fairfax Hospital,Region  10,0
Deceased Donor,VAFH-TX1 Inova Fairfax Hospital,Region  11,0
Deceased Donor,"VAMC-TX1 VCU Health System Authority, VCUMC",All Regions,16
Deceased Donor,"VAMC-TX1 VCU Health System Authority, VCUMC",Region  1,0
Deceased Donor,"VAMC-TX1 VCU Health System Authority, VCUMC",Region  2,0
Deceased Donor,"VAMC-TX1 VCU Health System Authority, VCUMC",Region  3,0
Deceased Donor,"VAMC-TX1 VCU Health System Authority, VCUMC",Region  4,0
Deceased Donor,"VAMC-TX1 VCU Health System Authority, VCUMC",Region  5,0
Deceased Donor,"VAMC-TX1 VCU Health System Authority, VCUMC",Region  6,0
Deceased Donor,"VAMC-TX1 VCU Health System Authority, VCUMC",Region  7,0
Deceased Donor,"VAMC-TX1 VCU Health System Authority, VCUMC",Region  8,0
Deceased Donor,"VAMC-TX1 VCU Health System Authority, VCUMC",Region  9,0
Deceased Donor,"VAMC-TX1 VCU Health System Authority, VCUMC",Region  10,0
Deceased Donor,"VAMC-TX1 VCU Health System Authority, VCUMC",Region  11,16
Deceased Donor,VANG-TX1 Sentara Norfolk General Hospital,All Regions,12
Deceased Donor,VANG-TX1 Sentara Norfolk General Hospital,Region  1,0
Deceased Donor,VANG-TX1 Sentara Norfolk General Hospital,Region  2,0
Deceased Donor,VANG-TX1 Sentara Norfolk General Hospital,Region  3,0
Deceased Donor,VANG-TX1 Sentara Norfolk General Hospital,Region  4,0
Deceased Donor,VANG-TX1 Sentara Norfolk General Hospital,Region  5,0
Deceased Donor,VANG-TX1 Sentara Norfolk General Hospital,Region  6,0
Deceased Donor,VANG-TX1 Sentara Norfolk General Hospital,Region  7,0
Deceased Donor,VANG-TX1 Sentara Norfolk General Hospital,Region  8,0
Deceased Donor,VANG-TX1 Sentara Norfolk General Hospital,Region  9,0
Deceased Donor,VANG-TX1 Sentara Norfolk General Hospital,Region  10,0
Deceased Donor,VANG-TX1 Sentara Norfolk General Hospital,Region  11,12
Deceased Donor,VAUV-TX1 University of Virginia Health Sciences Center,All Regions,20
Deceased Donor,VAUV-TX1 University of Virginia Health Sciences Center,Region  1,0
Deceased Donor,VAUV-TX1 University of Virginia Health Sciences Center,Region  2,0
Deceased Donor,VAUV-TX1 University of Virginia Health Sciences Center,Region  3,0
Deceased Donor,VAUV-TX1 University of Virginia Health Sciences Center,Region  4,0
Deceased Donor,VAUV-TX1 University of Virginia Health Sciences Center,Region  5,0
Deceased Donor,VAUV-TX1 University of Virginia Health Sciences Center,Region  6,0
Deceased Donor,VAUV-TX1 University of Virginia Health Sciences Center,Region  7,0
Deceased Donor,VAUV-TX1 University of Virginia Health Sciences Center,Region  8,0
Deceased Donor,VAUV-TX1 University of Virginia Health Sciences Center,Region  9,0
Deceased Donor,VAUV-TX1 University of Virginia Health Sciences Center,Region  10,0
Deceased Donor,VAUV-TX1 University of Virginia Health Sciences Center,Region  11,20
Deceased Donor,WACH-TX1 Seattle Children's Hospital,All Regions,9
Deceased Donor,WACH-TX1 Seattle Children's Hospital,Region  1,0
Deceased Donor,WACH-TX1 Seattle Children's Hospital,Region  2,0
Deceased Donor,WACH-TX1 Seattle Children's Hospital,Region  3,0
Deceased Donor,WACH-TX1 Seattle Children's Hospital,Region  4,0
Deceased Donor,WACH-TX1 Seattle Children's Hospital,Region  5,0
Deceased Donor,WACH-TX1 Seattle Children's Hospital,Region  6,9
Deceased Donor,WACH-TX1 Seattle Children's Hospital,Region  7,0
Deceased Donor,WACH-TX1 Seattle Children's Hospital,Region  8,0
Deceased Donor,WACH-TX1 Seattle Children's Hospital,Region  9,0
Deceased Donor,WACH-TX1 Seattle Children's Hospital,Region  10,0
Deceased Donor,WACH-TX1 Seattle Children's Hospital,Region  11,0
Deceased Donor,WAUW-TX1 University of Washington Medical Center,All Regions,38
Deceased Donor,WAUW-TX1 University of Washington Medical Center,Region  1,0
Deceased Donor,WAUW-TX1 University of Washington Medical Center,Region  2,0
Deceased Donor,WAUW-TX1 University of Washington Medical Center,Region  3,0
Deceased Donor,WAUW-TX1 University of Washington Medical Center,Region  4,0
Deceased Donor,WAUW-TX1 University of Washington Medical Center,Region  5,0
Deceased Donor,WAUW-TX1 University of Washington Medical Center,Region  6,38
Deceased Donor,WAUW-TX1 University of Washington Medical Center,Region  7,0
Deceased Donor,WAUW-TX1 University of Washington Medical Center,Region  8,0
Deceased Donor,WAUW-TX1 University of Washington Medical Center,Region  9,0
Deceased Donor,WAUW-TX1 University of Washington Medical Center,Region  10,0
Deceased Donor,WAUW-TX1 University of Washington Medical Center,Region  11,0
Deceased Donor,WICH-TX1 Children's Hospital of Wisconsin,All Regions,5
Deceased Donor,WICH-TX1 Children's Hospital of Wisconsin,Region  1,0
Deceased Donor,WICH-TX1 Children's Hospital of Wisconsin,Region  2,0
Deceased Donor,WICH-TX1 Children's Hospital of Wisconsin,Region  3,0
Deceased Donor,WICH-TX1 Children's Hospital of Wisconsin,Region  4,0
Deceased Donor,WICH-TX1 Children's Hospital of Wisconsin,Region  5,0
Deceased Donor,WICH-TX1 Children's Hospital of Wisconsin,Region  6,0
Deceased Donor,WICH-TX1 Children's Hospital of Wisconsin,Region  7,5
Deceased Donor,WICH-TX1 Children's Hospital of Wisconsin,Region  8,0
Deceased Donor,WICH-TX1 Children's Hospital of Wisconsin,Region  9,0
Deceased Donor,WICH-TX1 Children's Hospital of Wisconsin,Region  10,0
Deceased Donor,WICH-TX1 Children's Hospital of Wisconsin,Region  11,0
Deceased Donor,WISE-TX1 Froedtert Memorial Lutheran Hospital,All Regions,12
Deceased Donor,WISE-TX1 Froedtert Memorial Lutheran Hospital,Region  1,0
Deceased Donor,WISE-TX1 Froedtert Memorial Lutheran Hospital,Region  2,0
Deceased Donor,WISE-TX1 Froedtert Memorial Lutheran Hospital,Region  3,0
Deceased Donor,WISE-TX1 Froedtert Memorial Lutheran Hospital,Region  4,0
Deceased Donor,WISE-TX1 Froedtert Memorial Lutheran Hospital,Region  5,0
Deceased Donor,WISE-TX1 Froedtert Memorial Lutheran Hospital,Region  6,0
Deceased Donor,WISE-TX1 Froedtert Memorial Lutheran Hospital,Region  7,12
Deceased Donor,WISE-TX1 Froedtert Memorial Lutheran Hospital,Region  8,0
Deceased Donor,WISE-TX1 Froedtert Memorial Lutheran Hospital,Region  9,0
Deceased Donor,WISE-TX1 Froedtert Memorial Lutheran Hospital,Region  10,0
Deceased Donor,WISE-TX1 Froedtert Memorial Lutheran Hospital,Region  11,0
Deceased Donor,WISL-TX1 Aurora St. Luke's Medical Center,All Regions,12
Deceased Donor,WISL-TX1 Aurora St. Luke's Medical Center,Region  1,0
Deceased Donor,WISL-TX1 Aurora St. Luke's Medical Center,Region  2,0
Deceased Donor,WISL-TX1 Aurora St. Luke's Medical Center,Region  3,0
Deceased Donor,WISL-TX1 Aurora St. Luke's Medical Center,Region  4,0
Deceased Donor,WISL-TX1 Aurora St. Luke's Medical Center,Region  5,0
Deceased Donor,WISL-TX1 Aurora St. Luke's Medical Center,Region  6,0
Deceased Donor,WISL-TX1 Aurora St. Luke's Medical Center,Region  7,12
Deceased Donor,WISL-TX1 Aurora St. Luke's Medical Center,Region  8,0
Deceased Donor,WISL-TX1 Aurora St. Luke's Medical Center,Region  9,0
Deceased Donor,WISL-TX1 Aurora St. Luke's Medical Center,Region  10,0
Deceased Donor,WISL-TX1 Aurora St. Luke's Medical Center,Region  11,0
Deceased Donor,WIUW-TX1 University of Wisconsin Hospital and Clinics,All Regions,12
Deceased Donor,WIUW-TX1 University of Wisconsin Hospital and Clinics,Region  1,0
Deceased Donor,WIUW-TX1 University of Wisconsin Hospital and Clinics,Region  2,0
Deceased Donor,WIUW-TX1 University of Wisconsin Hospital and Clinics,Region  3,0
Deceased Donor,WIUW-TX1 University of Wisconsin Hospital and Clinics,Region  4,0
Deceased Donor,WIUW-TX1 University of Wisconsin Hospital and Clinics,Region  5,0
Deceased Donor,WIUW-TX1 University of Wisconsin Hospital and Clinics,Region  6,0
Deceased Donor,WIUW-TX1 University of Wisconsin Hospital and Clinics,Region  7,12
Deceased Donor,WIUW-TX1 University of Wisconsin Hospital and Clinics,Region  8,0
Deceased Donor,WIUW-TX1 University of Wisconsin Hospital and Clinics,Region  9,0
Deceased Donor,WIUW-TX1 University of Wisconsin Hospital and Clinics,Region  10,0
Deceased Donor,WIUW-TX1 University of Wisconsin Hospital and Clinics,Region  11,0
Deceased Donor,WVWU-TX1 West Virginia University Hospitals Inc.,All Regions,3
Deceased Donor,WVWU-TX1 West Virginia University Hospitals Inc.,Region  1,0
Deceased Donor,WVWU-TX1 West Virginia University Hospitals Inc.,Region  2,3
Deceased Donor,WVWU-TX1 West Virginia University Hospitals Inc.,Region  3,0
Deceased Donor,WVWU-TX1 West Virginia University Hospitals Inc.,Region  4,0
Deceased Donor,WVWU-TX1 West Virginia University Hospitals Inc.,Region  5,0
Deceased Donor,WVWU-TX1 West Virginia University Hospitals Inc.,Region  6,0
Deceased Donor,WVWU-TX1 West Virginia University Hospitals Inc.,Region  7,0
Deceased Donor,WVWU-TX1 West Virginia University Hospitals Inc.,Region  8,0
Deceased Donor,WVWU-TX1 West Virginia University Hospitals Inc.,Region  9,0
Deceased Donor,WVWU-TX1 West Virginia University Hospitals Inc.,Region  10,0
Deceased Donor,WVWU-TX1 West Virginia University Hospitals Inc.,Region  11,0
